"02C6201E-D90A-1859-B4EE-88D2986D3B02","1"
"122DC333-E19F-D629-DCD8-9C54CF1EBB9A","1"
"1753A288-9FC1-52E6-5C39-A1FFB97B0D3A","1"
"1A6CECFB-2E3A-65A3-72D9-2FDB58A1E4BA","1"
"1EA2B262-D507-AD14-4374-4D532967113F","1"
"23CF8ED3-402C-7C54-59CD-DB505C5CCCCE","1"
"2A5A3001-104F-1D1F-7852-5BA801869B6F","1"
"2F3B6AB6-147D-EB0B-FE8D-9A4E2EA9DBD5","1"
"2F499B4D-4DC7-B337-010D-8B7471812A80","1"
"2F74E99B-9337-7F74-5208-5DEC81A174FD","1"
"331A8A52-52D4-D323-0388-1A97C982E441","1"
"35DE2442-5AEB-9C73-E8DE-BC31DEA8C4DE","1"
"3DED9D58-D22A-2B11-C662-183011AE51F4","1"
"3E495EC1-E1C5-26F1-0E3E-2D13EAA2593A","1"
"41A2942C-D6E1-B164-2A45-D7ED17237A3A","1"
"467CC274-71A7-51F4-B58A-A77AADD25833","1"
"4E562A2B-99E9-8C82-2340-B6623BC9FE2F","1"
"5458A436-88C5-7CBD-CEB6-8A4545B12CCA","1"
"615195B8-9983-A350-3DC7-A16B5135D68C","1"
"62A399E3-0FDD-2E65-5A95-21D8C59C33DC","1"
"634E63C6-C2D6-EC48-4CCF-6B4A60AAEEB7","1"
"644264C8-A268-C3C5-5929-958C49CBC926","1"
"6ADF86D5-DD32-BC6F-D157-8C836F5BEF67","1"
"6CB65FA4-6A8E-0C33-BFB7-2E8E4A775E4B","1"
"726E5247-EC79-A415-3409-16A666404C6A","1"
"72C62199-C17C-9E1F-8AD7-247B81D6D758","1"
"7E9C9286-F32B-3CA5-68A3-4A841E3A8311","1"
"82406B7B-C498-4FF2-517A-F9A9E3BABF41","1"
"83E6BA9E-E737-37D0-5385-585F1B8A318B","1"
"8438C66C-4964-D73D-6839-24F2CDAA5828","1"
"8719DE73-B4B6-3B52-29CE-15B666A73AF6","1"
"8768FDE2-A231-B916-8644-F7DCD13CAFC2","1"
"89A34935-2145-B045-3ED0-1FFAB39DDA32","1"
"8D895ADD-5501-2A9C-24DD-2EAEB7AEF1C5","1"
"9C4B45E7-C159-18E5-DB43-9D6F897775D4","1"
"A1ABDB2E-4E96-3D0D-2E4C-B19425290943","1"
"A31B0B35-6658-6805-353E-88479B3E4FD7","1"
"A38992C3-9B3D-C35C-3AC8-477132B4904D","1"
"A92944E6-9C59-141E-3F91-66B3C9EDCC31","1"
"B03C0BC7-28F4-D474-8928-523B19A93E7C","1"
"B3CE84BA-2A5C-226C-749F-ECCDF91F19CE","1"
"BA91684D-74AA-3BB6-148B-346B6EAD1937","1"
"BABBBE60-3709-7C4A-B5E1-74CB260A93EA","1"
"C0B1ABC1-0C03-5C27-977E-A5EC13EED863","1"
"C1DCC32D-E42A-F2D6-17AD-FF4A639A9B5A","1"
"CDCDE7A5-39CD-9ABD-59D5-71641582C825","1"
"D1389977-A7AD-1B56-1DE4-E2E94741D40C","1"
"D3470F3E-9683-799A-40F1-E42C143BAC5A","1"
"D3C579AE-FA77-6234-9843-6DA39D6E329D","1"
"D52157FC-58FC-68E6-91D4-CCB11178F8AC","1"
"D5E51BD3-4284-8097-8887-4A656C3992A8","1"
"DA247F32-9723-9BB6-B770-BC39C252CE15","1"
"E2DB8D98-9328-ACDA-39A3-802C7BB36D34","1"
"E308729C-4A62-08C9-45C6-58C9479D4626","1"
"E6E14C3A-1AE7-7B62-57D8-16A6F19C995F","1"
"E8A862CE-AC8B-A489-620C-DDD7FEB16AA2","1"
"EAC77318-72E4-51E3-AB5A-9BCCBA39C8F2","1"
"EAE19DC1-C847-6D79-673D-00E7696AC336","1"
"EE2D8157-D63E-6A91-A363-9CF68B530AD3","1"
"F5ACD74B-4275-5AA1-2414-6EF417636B98","1"
"FD89D51B-AE8D-77DC-E450-B8083FBD3187","1"
"14CAE5B5-8FB1-3E4A-4C85-0EA4167534F4","2"
"167DE938-B1C2-428D-FA3D-96A45CD41B22","2"
"1717FD6B-ADAD-7082-A748-9112BE892CCC","2"
"17561134-37A4-E316-2C3C-C5541EDAD761","2"
"1788C881-EE67-9BAB-377A-4C78E772160B","2"
"1A6CECFB-2E3A-65A3-72D9-2FDB58A1E4BA","2"
"1C9EE7A2-EA73-9E54-DAC7-D08632543C68","2"
"24EB2B70-3602-FDA8-54D5-9CD7F3CA523C","2"
"32A9BDCA-1390-2BE1-82C8-AD514E38A203","2"
"3578688E-7B1D-B887-3BC7-20B8673AA31E","2"
"35DE2442-5AEB-9C73-E8DE-BC31DEA8C4DE","2"
"3A3E00C1-C191-02EF-AD8E-42C9DA644E4A","2"
"3B2D4464-1E9E-D3AE-D837-6E14C69B7BC8","2"
"62A399E3-0FDD-2E65-5A95-21D8C59C33DC","2"
"65A7C3AC-FFFC-3495-95B1-52C38507E523","2"
"663844BA-35BA-11C6-FDCD-598E898EEBE8","2"
"6AAA5BDC-C19A-82CC-EF22-70DEE21ACF9E","2"
"70152729-0350-F99C-D057-EF42857AA849","2"
"7545D580-8332-0024-92F2-6AB47E5C205E","2"
"75685049-7F29-3D74-733E-571854E7C521","2"
"75CCE66C-1C7B-8777-4419-467AD80B77C1","2"
"770ECE34-EC9D-34AE-8A96-A8E5749AA037","2"
"7D2C6E68-5951-C198-A567-75D465E7CDD0","2"
"7DDED3A7-4845-57C5-8152-30D7376C10DF","2"
"82406B7B-C498-4FF2-517A-F9A9E3BABF41","2"
"85390F4A-9A61-3352-7EE3-ABDA9EDC7C55","2"
"873581C1-A079-1277-694F-4E735E854AC9","2"
"88A92E6E-863C-A9AA-D832-B46BF23597CE","2"
"8C5C40B3-3988-EE44-126E-18147A9E62D2","2"
"8D5C52B9-42BE-480C-359E-CE36E1916D19","2"
"971B44E4-D8B9-4553-163B-E41EB6A0637E","2"
"9B6B74E4-92EC-1E1B-908B-3C611E43611D","2"
"9D38BED9-558B-EF5A-E4B3-C9668587A15B","2"
"A095D2D2-BE1A-6673-3369-5951992C967B","2"
"A14C4361-9AC9-A3E7-7B1B-73BA6A3D23D7","2"
"A1AACB02-187B-2BD6-6181-B215A93B1B39","2"
"A324A47C-7E94-548E-E352-7BD8671E41B3","2"
"A38992C3-9B3D-C35C-3AC8-477132B4904D","2"
"A4D0D84F-4622-BB83-E6B6-51E545D4A217","2"
"A6EBADAE-2E18-2FD5-0359-C3C2BBDBAB04","2"
"ACD2011A-A2B1-C365-41E1-2AB00C65147A","2"
"AD85A78A-8829-5746-93A0-8B7A792EBC18","2"
"AFE3C197-0B9C-985B-D146-571CD7BEF7FB","2"
"B3E58105-C56C-816E-C133-8F2D7940B0E4","2"
"B57F59CF-8350-864C-ECD4-652F5E7882FD","2"
"B62D17A8-456A-A5B2-88DB-25314036778E","2"
"B86A5793-A474-8B73-EB69-63FDD4809AC4","2"
"BA338D01-C4D1-6F43-DDF8-5EC8C8B8384B","2"
"BABBBE60-3709-7C4A-B5E1-74CB260A93EA","2"
"BCCE274A-5F25-CF12-1566-492ED48D8211","2"
"C2248CED-C28E-6A93-6AF4-C33CF738471B","2"
"C65220DF-35E3-CC92-34D5-E9469AB61042","2"
"CA515AD3-5A34-6966-073E-1D231CE56678","2"
"CBEB6D56-317E-1FA2-55D1-31B5C769C6C7","2"
"D271975D-77F6-485C-4E2D-C43DA27AB787","2"
"D7F7744C-39EA-B921-E945-40E135484B4C","2"
"DA247F32-9723-9BB6-B770-BC39C252CE15","2"
"DD4011AE-136E-9F62-EEA0-3E0D088E4455","2"
"DD9B60B0-D1BC-F993-4DE8-5A247ADCD734","2"
"DF588D4E-F11B-CDA9-0C85-49127C7F4D01","2"
"E6512B38-3AB7-7128-77D9-0C38641CD951","2"
"E658A8A9-3C3A-3D50-6F5C-2BA9F41DB491","2"
"EA41A50E-27D6-3612-788C-AD736D4EF523","2"
"FAAD3FFC-1A17-E141-43D3-359A5BA7CB3B","2"
"FD89D51B-AE8D-77DC-E450-B8083FBD3187","2"
"063FBA79-99EC-66FB-29F7-25726D1764A5","5"
"156F3F80-7E7D-65CF-727D-6AE03CEB7520","5"
"1717FD6B-ADAD-7082-A748-9112BE892CCC","5"
"19E1EC3E-2119-1EFD-8AAE-5930D4A4E63F","5"
"1C9EE7A2-EA73-9E54-DAC7-D08632543C68","5"
"22C9EC22-45FC-72C8-63CE-5FA99A24E770","5"
"2449E458-D672-3152-B598-FE959AC3AEB6","5"
"310B8BF9-A441-1470-EDEF-417B7EF2B169","5"
"331A8A52-52D4-D323-0388-1A97C982E441","5"
"3461A2B4-8BEE-3797-ACA4-1DA3E64AC243","5"
"36AD59C1-944F-C355-8358-B83A446F3272","5"
"40EEC58F-C386-1B13-D59A-34216F9694E2","5"
"442713DA-4BE6-132A-51B8-AC44EA6D5839","5"
"4D8E4891-1711-7D30-E4CB-645A8DF59A43","5"
"4DA5B1CE-E88C-23D1-AE6A-B7589E4FB2D5","5"
"51A4866C-484C-5529-8419-B7BBAD4E294D","5"
"51CEA9A2-56AD-C8C8-EBDB-6AF2B74433F3","5"
"52B1839C-D594-EB3D-4A72-730B1C8B08F4","5"
"5E6EC264-1D42-EE1D-870A-497C85828A6A","5"
"636C9DDA-453D-B336-FD2E-89A0E48E1C52","5"
"71CB87BE-F93E-4877-DF6D-1BD3B312ED29","5"
"748C9977-7E2E-A4EC-B272-C686D159D59B","5"
"756BC84B-7652-561D-07A6-E6A5612825D3","5"
"79F26AC9-5EEE-1AF1-444A-3A012EDD45EF","5"
"7D2C6E68-5951-C198-A567-75D465E7CDD0","5"
"7DDED3A7-4845-57C5-8152-30D7376C10DF","5"
"85362E53-765A-FFD1-585C-18DA6D644B38","5"
"9AB66BAE-D007-3BD8-C34B-93C854E6715C","5"
"B1ED4136-DA1A-6BF3-4C61-7A575F624670","5"
"B8DD4087-8749-D9A1-4E81-C28FBFD76C94","5"
"BD440E6D-FC5B-A13F-251E-B745CEB24F04","5"
"BEB017E6-42B6-10EA-3295-42CA3DD78302","5"
"C0343DE8-E34C-4532-BE22-2F2E6BD34D73","5"
"C0E79971-4E7D-C876-ABE5-5402A7162951","5"
"C1A3EAD1-4BB7-343E-9542-DCB248FA39CE","5"
"C65A7836-4EC2-7C17-E22C-04D8D54A5B1A","5"
"C9F594B6-A163-7553-D216-DEAC68EAB680","5"
"CDF1E4E5-1A4D-54CD-8734-D48AC4C3E5E6","5"
"D1389977-A7AD-1B56-1DE4-E2E94741D40C","5"
"D6EB93C6-5733-84C8-FDD6-57BA4136E528","5"
"DAE50B38-3526-4AAF-71DB-4B45D29EB26A","5"
"DB503576-8093-1D85-37D6-3439B577AD73","5"
"E2DEC4AA-E02F-8829-DE30-795881675C52","5"
"E4794E32-196A-C67D-8759-18821CE66CE2","5"
"E8063254-0D54-D3C6-B339-78456C984528","5"
"EB46D6A6-0851-FA55-1292-DB04B2684794","5"
"FA053936-75D8-85FA-490D-9B624E1B920A","5"
"FAAD3FFC-1A17-E141-43D3-359A5BA7CB3B","5"
"FCE2AB9A-271D-2BDC-9E49-8DD92A373391","5"
"09DE92CE-6F27-2BB7-13B5-9385B2B3B8E2","7"
"0DD2E608-5C9E-D1B3-4999-B99F43AD735A","7"
"167DE938-B1C2-428D-FA3D-96A45CD41B22","7"
"1788C881-EE67-9BAB-377A-4C78E772160B","7"
"18B1AD88-F155-45B7-D2EA-4738407435D6","7"
"1A6CECFB-2E3A-65A3-72D9-2FDB58A1E4BA","7"
"1B521826-5860-5A86-5364-6EB6A5CC21B7","7"
"26D8A738-B651-A620-1EEA-D8E2CD353BEB","7"
"357BB633-3C33-A9D3-B8CD-9DDE75951893","7"
"360C7814-F7AF-B43A-0946-AB38D2683C86","7"
"3AA66E6B-D2C4-CC71-6BF5-889E44A3D8D9","7"
"414D51E1-B793-49F5-B593-795429B4E258","7"
"41EC591D-808E-D85C-F05F-08BC3DE7A618","7"
"4217E857-1D51-5D25-B645-EC24D23C8759","7"
"494D615C-793A-2D79-B0D7-872F4F822346","7"
"51DDB2CB-211E-C27A-24C1-239329CA17BF","7"
"53398420-74DC-B969-5566-4A83B0DDD757","7"
"55B6A583-1E05-6B1F-BE39-36F44786BEFE","7"
"59BC588F-9D74-8B8A-A11D-D604A8C086F2","7"
"59C85B8E-4CE0-B66B-4B5D-3A557324E6A9","7"
"643CF9F8-30EC-537D-2FB9-E5BEAD5717C6","7"
"65F57592-B32E-1D2E-3466-57D7F1691D0D","7"
"65F73281-0AC6-CE48-6667-1C8E66159728","7"
"67692B94-E67F-0D25-59BF-D236BD9B4711","7"
"71983A22-79E9-4843-60EB-B935637FFAA4","7"
"760EEFBC-3E63-3111-613B-ACC61E1B5136","7"
"7622460B-29BE-594C-8D14-D73DEAD91B94","7"
"82406B7B-C498-4FF2-517A-F9A9E3BABF41","7"
"8432397E-BCE5-EC1D-67E3-E0F92EDB1777","7"
"85068503-9D65-6978-D3C4-8E4A8A1B9A3C","7"
"8626BAB9-6D87-C136-8E8E-61D3F2FACEA6","7"
"8789DBFB-7C15-7855-8EB3-AF865244277E","7"
"9281A912-BC56-8905-9279-FC8BDE2185F6","7"
"9EE639A3-2836-87C2-207F-AF3941834DB2","7"
"A324A47C-7E94-548E-E352-7BD8671E41B3","7"
"A4D0D84F-4622-BB83-E6B6-51E545D4A217","7"
"BA1BE1BA-AAC8-FD6C-3C74-A77E375AE85D","7"
"BB611D65-521D-E30F-94C8-1CD1EDE9CC28","7"
"C2248CED-C28E-6A93-6AF4-C33CF738471B","7"
"C56D5792-57D2-19E4-A43D-80D362E62879","7"
"CC77BEEC-E348-8BC9-BE81-46F75404E183","7"
"D271975D-77F6-485C-4E2D-C43DA27AB787","7"
"D3C579AE-FA77-6234-9843-6DA39D6E329D","7"
"D5DA371A-BD48-CFD9-37FC-A5CA45B97B5D","7"
"D6F37D7A-A07E-01AA-DE27-476C89D26A8E","7"
"D9B3BB97-CA11-FBC7-90A1-A948B599A3C8","7"
"DA247F32-9723-9BB6-B770-BC39C252CE15","7"
"E3E941D3-0866-2E6F-85D7-A2F21E79A215","7"
"E6512B38-3AB7-7128-77D9-0C38641CD951","7"
"E6E14C3A-1AE7-7B62-57D8-16A6F19C995F","7"
"EA69485B-09A2-6170-73C4-65AFE5B71F4F","7"
"F843DC08-CCB5-2444-1B4E-5966289FBA8B","7"
"FAC76A80-8448-69AA-E892-426C2F12621C","7"
"FD2E8957-414B-BEEC-E9AD-59AA7A8A6290","7"
"0A476ED9-0C13-1962-F87B-D3563924B539","11"
"1026DA24-8929-31F1-8250-D7BAB05C13D2","11"
"135267BA-2E7D-957C-C42C-6450A2B3ED54","11"
"13FBB312-B283-7976-DA47-14DE5986218A","11"
"1742D72D-6EC3-1B42-A1B2-24AA75A6A14B","11"
"17B43AB2-DD7D-96C4-2C7D-1989F119A1CB","11"
"185C9F2C-67A2-8EC0-0BB6-93789CC59F05","11"
"19E1EC3E-2119-1EFD-8AAE-5930D4A4E63F","11"
"22C9EC22-45FC-72C8-63CE-5FA99A24E770","11"
"2899837A-45A3-D3B1-0D03-8B33B867DF9B","11"
"2F3B6AB6-147D-EB0B-FE8D-9A4E2EA9DBD5","11"
"34368DE0-D181-1B5C-6698-8DF585C06421","11"
"36CCD7CD-F90E-2EE9-5B8B-576A04715373","11"
"370F6D3D-CB63-7335-8B43-15C876E2843B","11"
"41EC591D-808E-D85C-F05F-08BC3DE7A618","11"
"518D6CCF-593A-8932-BE5B-44597DCDDFE9","11"
"5E47EB85-1F76-1853-839F-94FCF9A95700","11"
"5ED6188E-9C6F-3B05-DE49-41543384BDF7","11"
"65DB2765-E85D-2B74-2BDA-A8AEFD248928","11"
"6AAA5BDC-C19A-82CC-EF22-70DEE21ACF9E","11"
"6CB65FA4-6A8E-0C33-BFB7-2E8E4A775E4B","11"
"7122EA62-2DD9-C622-23C1-B8B555EE5B77","11"
"79B621A9-3FAA-41E4-2845-3DE6532C743D","11"
"7E9C9286-F32B-3CA5-68A3-4A841E3A8311","11"
"84B8ECA6-A786-91C0-C973-8B730565BFA3","11"
"8C5C40B3-3988-EE44-126E-18147A9E62D2","11"
"9679E769-32DC-2591-B893-B4AA2D84E332","11"
"9A993DCE-716B-D784-9192-285C2A490AE8","11"
"A143CEC3-5F73-4A92-BBEC-48125E1A9C17","11"
"A518C6E6-C671-53D0-FD31-929866A32E35","11"
"A780B6A7-8EFF-9DBD-2024-FC4E3AE5DE27","11"
"A8B58331-8394-8277-4654-F95887136692","11"
"AB069F53-965E-A2A8-CE06-CA8C4FD92501","11"
"AF4491D0-A15D-BAAC-4D0B-42B3F645632B","11"
"B2C86E4D-8267-F19E-171E-FA48BA22C973","11"
"B31AC3BB-1529-B0CE-C385-41CDFF671921","11"
"B3CE84BA-2A5C-226C-749F-ECCDF91F19CE","11"
"B6E5AB03-1D98-EE7D-108D-E0A2965AB147","11"
"BCCE274A-5F25-CF12-1566-492ED48D8211","11"
"C1A3EAD1-4BB7-343E-9542-DCB248FA39CE","11"
"C9BD3AC8-CEEE-D5CD-1338-6375C2F1E69C","11"
"CA264293-D392-1E21-1BCA-16CEA88D875A","11"
"CDCDE7A5-39CD-9ABD-59D5-71641582C825","11"
"D6EB93C6-5733-84C8-FDD6-57BA4136E528","11"
"E3911BE6-151C-5FD7-C730-7F69B7841C7B","11"
"EAD9435C-77C0-3D84-D9A9-BF535EDABE7A","11"
"EEAAE515-66B6-B449-5926-54D397988AD9","11"
"F233E386-5A74-63B3-8111-09FC9BA38011","11"
"1017AA59-3D5F-7A4C-1992-D151A8D1FA0A","13"
"14CAE5B5-8FB1-3E4A-4C85-0EA4167534F4","13"
"158A3ACB-541C-DBCC-65BD-6373CC67BF1C","13"
"1753A288-9FC1-52E6-5C39-A1FFB97B0D3A","13"
"1D03001C-97EC-77F6-6E7E-8E2CAC237EA4","13"
"1DE927AB-29A8-654F-3372-43971B6844AA","13"
"20418DE5-B804-BE9B-BD7A-A95C1BFDBF5C","13"
"22C9EC22-45FC-72C8-63CE-5FA99A24E770","13"
"232D9E61-96EC-4D47-8191-A815D5EE89FE","13"
"2A5A3001-104F-1D1F-7852-5BA801869B6F","13"
"2B928E1C-EC14-A760-0A75-871477649D6A","13"
"34AA1D64-2989-DE1C-8705-C66C8DDB19DD","13"
"3578688E-7B1D-B887-3BC7-20B8673AA31E","13"
"37C2603F-412A-E0E9-DEB7-BE2982B5CE0D","13"
"3E18E43B-892B-F520-6B38-3A177E27BD19","13"
"4236493E-3596-5E19-4768-2195A5D17CC0","13"
"450ADB51-22CC-B21C-7985-6F34366BE126","13"
"494D615C-793A-2D79-B0D7-872F4F822346","13"
"5458A436-88C5-7CBD-CEB6-8A4545B12CCA","13"
"59C85B8E-4CE0-B66B-4B5D-3A557324E6A9","13"
"5AB20418-79A8-DF6C-D446-BCF5A48CDEDB","13"
"66B35B95-C39C-684B-7BCD-CA45E2C7CD4E","13"
"6A888487-255B-B546-907E-AC033DA2B841","13"
"743280CC-B786-23A5-5E18-15B5E1A9CB01","13"
"7D2C6E68-5951-C198-A567-75D465E7CDD0","13"
"83A757C6-A262-AECA-6AC3-5FBA32AB7329","13"
"88A92E6E-863C-A9AA-D832-B46BF23597CE","13"
"8D5C52B9-42BE-480C-359E-CE36E1916D19","13"
"8F54691C-221E-BB4E-4954-5373EE2C959E","13"
"9679E769-32DC-2591-B893-B4AA2D84E332","13"
"9C11DE85-F985-D119-4664-15D448C5E913","13"
"A095D2D2-BE1A-6673-3369-5951992C967B","13"
"A1AACB02-187B-2BD6-6181-B215A93B1B39","13"
"A2689A2C-722B-9357-886D-2DDA864E246D","13"
"A89D4669-57D3-2ED8-5E49-BDC1293B0BBB","13"
"AB069F53-965E-A2A8-CE06-CA8C4FD92501","13"
"B8DD4087-8749-D9A1-4E81-C28FBFD76C94","13"
"B9D1E653-C396-DBE8-09E6-D754A877104E","13"
"BF0BA28B-355D-412E-089C-B152516DC965","13"
"C0343DE8-E34C-4532-BE22-2F2E6BD34D73","13"
"CDB26CD6-B89A-8EDD-E1BE-A332460535C7","13"
"CDCDE7A5-39CD-9ABD-59D5-71641582C825","13"
"D33B21EB-A61E-BD8C-5DE7-1DA4AC210AE6","13"
"D6419ECE-BE11-7DFE-DEC7-1A2E695B19EB","13"
"D662DF87-90B7-8C73-CD48-FA68399392C9","13"
"D6F37D7A-A07E-01AA-DE27-476C89D26A8E","13"
"D7F7744C-39EA-B921-E945-40E135484B4C","13"
"D938FE61-B342-04B6-78A7-C9FA57B590AA","13"
"DAE50B38-3526-4AAF-71DB-4B45D29EB26A","13"
"DE182E71-1C46-2EB8-A27F-2167D2D3B5D6","13"
"DFEC1C7F-38E1-2AAC-ACD9-7985DB48C31D","13"
"E2C94327-62EE-9EF1-4D62-B861858AC425","13"
"E55E6DBD-788D-DC86-967E-228632CFD313","13"
"E68665E5-5CB3-3325-9AE2-24B1E11353D2","13"
"E8954683-8BAA-B66B-C641-5695425586DC","13"
"EA06C211-5A86-C9A8-7CA3-C84D266D4B62","13"
"EAD89828-65AA-E817-F946-E7365972D94E","13"
"EC243849-3D95-A5B3-29B4-6F8AA1A5B999","13"
"EDC458E3-6E51-2D30-5CD6-838D10959BA5","13"
"FAAD3FFC-1A17-E141-43D3-359A5BA7CB3B","13"
"0DD2E608-5C9E-D1B3-4999-B99F43AD735A","17"
"1742D72D-6EC3-1B42-A1B2-24AA75A6A14B","17"
"186F53DE-DE27-B1FE-B82F-15B61CEB7726","17"
"2660D3B8-0B2C-AEBA-A891-95433968CF71","17"
"267C4A86-7BA7-1C5E-0718-2824983C87DD","17"
"26D8A738-B651-A620-1EEA-D8E2CD353BEB","17"
"2F74E99B-9337-7F74-5208-5DEC81A174FD","17"
"3C4D7C2A-A402-B941-625A-D64CA53526E8","17"
"3E495EC1-E1C5-26F1-0E3E-2D13EAA2593A","17"
"3FEC4131-9BED-2EA6-1776-82674C80DDBB","17"
"41EC591D-808E-D85C-F05F-08BC3DE7A618","17"
"439F4F6A-57C7-3A59-6038-AD7133887522","17"
"43CDD853-0EC5-439D-8A4E-0D811A4A83BD","17"
"442713DA-4BE6-132A-51B8-AC44EA6D5839","17"
"494D615C-793A-2D79-B0D7-872F4F822346","17"
"55B6A583-1E05-6B1F-BE39-36F44786BEFE","17"
"5B56159E-E3E6-2777-BC01-5659C2A69E96","17"
"5BAD8B6D-41B2-E757-6396-88D687C6413A","17"
"5CB0C889-D096-D327-ADE7-D111E1E6E2BC","17"
"5DC8DC6C-24F8-36A6-4A1C-60E444EC331E","17"
"66179D5C-9B8D-5E13-9249-BDC1A35406FC","17"
"6A888487-255B-B546-907E-AC033DA2B841","17"
"6CD4E674-30C5-7F82-7AE5-D8D48E62A684","17"
"71983A22-79E9-4843-60EB-B935637FFAA4","17"
"760EEFBC-3E63-3111-613B-ACC61E1B5136","17"
"7A0BCF99-A8ED-A7C7-2828-CD30FDC44297","17"
"84B8ECA6-A786-91C0-C973-8B730565BFA3","17"
"85068503-9D65-6978-D3C4-8E4A8A1B9A3C","17"
"87076D11-12E5-5E88-342E-BEDBF6EB1DED","17"
"873581C1-A079-1277-694F-4E735E854AC9","17"
"943113EA-A763-9D81-0594-37159E119857","17"
"971B44E4-D8B9-4553-163B-E41EB6A0637E","17"
"981D2677-9924-A1A0-8A23-2AE7E988A7B7","17"
"9833DD1C-702C-A8A7-FBA6-ABCA470DF7BE","17"
"9A58B3E0-1E27-94E2-6487-9A63F07BC833","17"
"9FBB3D61-D3C2-E5BB-4BC3-6CC83C718D34","17"
"A2689A2C-722B-9357-886D-2DDA864E246D","17"
"A8E203DA-9A20-2DA7-29E3-D8559BBECC95","17"
"A993ECC6-B915-5796-8B2A-8191DF52588E","17"
"AA1C1C48-FF62-DE8E-AF15-B183B5BD166D","17"
"B2C86E4D-8267-F19E-171E-FA48BA22C973","17"
"B31AC3BB-1529-B0CE-C385-41CDFF671921","17"
"B3B7F2C7-AC19-929C-EEC2-8333E6EBE781","17"
"B3CE84BA-2A5C-226C-749F-ECCDF91F19CE","17"
"B4E1213B-8B35-9D9A-DD7D-93EBC7BCD7FF","17"
"B6F30493-40C3-5391-8A92-5217B10C391A","17"
"BCCE274A-5F25-CF12-1566-492ED48D8211","17"
"C0B617A7-A5B1-AF49-C9A2-8112974C4957","17"
"C0E79971-4E7D-C876-ABE5-5402A7162951","17"
"C3516B1E-4923-B2DF-E6E2-B07548480CCF","17"
"D233A5A4-E618-32AA-B9CB-55C7A8E84359","17"
"D33B21EB-A61E-BD8C-5DE7-1DA4AC210AE6","17"
"D69CE9B1-EA51-56DE-7A5A-496B1F63D112","17"
"DAB2D839-5B54-901B-6651-995911BFAEEA","17"
"DC1885DA-2644-8623-0C0D-67AB5D8AB223","17"
"E38DC6C5-1EE2-602D-2EA2-D2F39C771CDE","17"
"E5078B1B-9591-E204-CC0A-E14C4EC74EAB","17"
"E6512B38-3AB7-7128-77D9-0C38641CD951","17"
"EA41A50E-27D6-3612-788C-AD736D4EF523","17"
"EC8D77B4-5570-7DC6-3DE9-E46A861A7479","17"
"FD2E8957-414B-BEEC-E9AD-59AA7A8A6290","17"
"02C6201E-D90A-1859-B4EE-88D2986D3B02","19"
"0BEB80B7-9D66-1707-CE4B-9DC7E71914B5","19"
"122DC333-E19F-D629-DCD8-9C54CF1EBB9A","19"
"2075B12D-69AB-7022-57BB-33ED49B72766","19"
"2585891B-C4C7-075E-358B-B575339E5177","19"
"26D8A738-B651-A620-1EEA-D8E2CD353BEB","19"
"276AB37B-1B03-234B-1DA0-88FF91175221","19"
"331A8A52-52D4-D323-0388-1A97C982E441","19"
"360C7814-F7AF-B43A-0946-AB38D2683C86","19"
"369213C7-BD65-0715-6644-D5E4F9BD9914","19"
"3A3B4A86-14FC-D9B3-164A-21542B509E1D","19"
"3D4B5BDD-C674-13F6-B132-09D180277BC9","19"
"41C13F08-471E-D475-3E14-760DF3F79B42","19"
"41EC591D-808E-D85C-F05F-08BC3DE7A618","19"
"44ED47D3-5B2D-2D7C-44C8-8B258DF3773C","19"
"450ADB51-22CC-B21C-7985-6F34366BE126","19"
"598EA316-9623-BDA9-6D24-529A830AD995","19"
"5B0EEF86-B8A1-EFAA-5EE1-27E7DC8F54A4","19"
"5BAD8B6D-41B2-E757-6396-88D687C6413A","19"
"5E47EB85-1F76-1853-839F-94FCF9A95700","19"
"6118B3E9-D9D1-55D4-1A1B-A58CC63845B6","19"
"634E63C6-C2D6-EC48-4CCF-6B4A60AAEEB7","19"
"6575E457-EF8B-B50A-AD85-68ED6FE98BE1","19"
"6BB61B4B-EBD8-84AD-EED7-882D166A7A1E","19"
"72C62199-C17C-9E1F-8AD7-247B81D6D758","19"
"75DB5267-8C65-77D2-26BA-F5F3BD39C874","19"
"83A757C6-A262-AECA-6AC3-5FBA32AB7329","19"
"9281A912-BC56-8905-9279-FC8BDE2185F6","19"
"9BC43721-DD11-4539-AA84-D544F911251E","19"
"9C11DE85-F985-D119-4664-15D448C5E913","19"
"9E97F534-962D-5B43-9AAA-24533FB7EDBD","19"
"9EE639A3-2836-87C2-207F-AF3941834DB2","19"
"A1701A12-426C-3632-A533-974AD887466A","19"
"ABB45963-34C7-8C51-4A76-CCD0DD05F548","19"
"B8B813FE-E89E-C046-17CB-94E9DEE597C1","19"
"BD440E6D-FC5B-A13F-251E-B745CEB24F04","19"
"C88532CB-7A60-CE22-AFD3-6A8B641C8D7C","19"
"CEBC8755-77B1-722D-A899-E86B58B837BC","19"
"CEED5D49-B28F-49A6-E967-9E7F74864190","19"
"D52157FC-58FC-68E6-91D4-CCB11178F8AC","19"
"D84548D7-A8CE-3CC7-852E-1A67EF7937F7","19"
"D9B3BB97-CA11-FBC7-90A1-A948B599A3C8","19"
"DB49DD45-6B1E-A151-5881-BDE2DC2965C0","19"
"E6512B38-3AB7-7128-77D9-0C38641CD951","19"
"E69AA81E-A9BE-5A34-1804-E349A1A76C26","19"
"EA41A50E-27D6-3612-788C-AD736D4EF523","19"
"EE8ED5A8-CEC8-9387-524C-A911BB473C1F","19"
"F2B3E645-2E6D-E891-9D05-33DBACE58DE4","19"
"FAAD3FFC-1A17-E141-43D3-359A5BA7CB3B","19"
"07A46D48-31A3-7E87-65B9-0DA902AD109F","23"
"13DCC69F-EA07-E52B-8309-D474C6281E80","23"
"152598C2-029D-D684-4B66-91EDF393EBFF","23"
"1822A630-4B6E-DABC-2576-6EC107FA15C2","23"
"18B2472B-DA8B-36F7-B0F2-7DDA688B73D1","23"
"18CCBA7C-ABC1-813D-FAF3-4BAB97429368","23"
"1A6CECFB-2E3A-65A3-72D9-2FDB58A1E4BA","23"
"1BC3AC28-04FB-7015-D93A-422C9A68528D","23"
"1EA2B262-D507-AD14-4374-4D532967113F","23"
"2075B12D-69AB-7022-57BB-33ED49B72766","23"
"2449E458-D672-3152-B598-FE959AC3AEB6","23"
"2B928E1C-EC14-A760-0A75-871477649D6A","23"
"369213C7-BD65-0715-6644-D5E4F9BD9914","23"
"370F6D3D-CB63-7335-8B43-15C876E2843B","23"
"3B2D4464-1E9E-D3AE-D837-6E14C69B7BC8","23"
"3C4D7C2A-A402-B941-625A-D64CA53526E8","23"
"3ED634C2-01CA-D6E9-2DBD-24B53A7912F7","23"
"414D51E1-B793-49F5-B593-795429B4E258","23"
"467CC274-71A7-51F4-B58A-A77AADD25833","23"
"4ABE3D77-BF86-12D3-E1C5-22663D37C199","23"
"51A4866C-484C-5529-8419-B7BBAD4E294D","23"
"51DDB2CB-211E-C27A-24C1-239329CA17BF","23"
"5458A436-88C5-7CBD-CEB6-8A4545B12CCA","23"
"5B0EEF86-B8A1-EFAA-5EE1-27E7DC8F54A4","23"
"5B56159E-E3E6-2777-BC01-5659C2A69E96","23"
"659112E3-A432-EF12-DCEE-947A81E53825","23"
"6EECB866-887D-FC95-E094-45DB4943B515","23"
"7AB09864-E615-84D4-A818-0E6177185C92","23"
"8432397E-BCE5-EC1D-67E3-E0F92EDB1777","23"
"8655F767-78E6-733A-37B9-210CC3D1D4A9","23"
"8796C289-D355-1A10-3CD5-ADF327D4642A","23"
"87D22108-C911-AC97-A3BE-B91C1DEEAE79","23"
"89A34935-2145-B045-3ED0-1FFAB39DDA32","23"
"8BCE9908-6D44-B7DB-D363-D468A2DF3A25","23"
"91B2C6CB-7955-2967-F37D-10B69368AD3D","23"
"97A22779-F07C-91C1-2331-BCBAD44EBA4B","23"
"9A993DCE-716B-D784-9192-285C2A490AE8","23"
"9B9F8626-8BA7-45E2-CE6D-CD16D0ED80E4","23"
"9D4AB77C-9F51-FD95-EAB4-A37163E6D3E2","23"
"9E97F534-962D-5B43-9AAA-24533FB7EDBD","23"
"A095D2D2-BE1A-6673-3369-5951992C967B","23"
"A2689A2C-722B-9357-886D-2DDA864E246D","23"
"AA6CA954-0AF1-D69E-6BEF-6B5B168C1A82","23"
"ABB45963-34C7-8C51-4A76-CCD0DD05F548","23"
"AC777376-9329-BE65-285C-505D7C83A262","23"
"B1ED4136-DA1A-6BF3-4C61-7A575F624670","23"
"BF0BA28B-355D-412E-089C-B152516DC965","23"
"C0B1ABC1-0C03-5C27-977E-A5EC13EED863","23"
"C0B617A7-A5B1-AF49-C9A2-8112974C4957","23"
"C65220DF-35E3-CC92-34D5-E9469AB61042","23"
"C9185110-96F7-193C-D4B4-D1086A63744A","23"
"CBEB6D56-317E-1FA2-55D1-31B5C769C6C7","23"
"D3831AE1-A50D-1541-AF7B-EE75529F278A","23"
"D5E51BD3-4284-8097-8887-4A656C3992A8","23"
"D938FE61-B342-04B6-78A7-C9FA57B590AA","23"
"DD760F36-BB02-83DC-69A9-E24D736E30D1","23"
"DD9B60B0-D1BC-F993-4DE8-5A247ADCD734","23"
"DE55E734-9DA5-0725-EB1A-3CEB5517D4EB","23"
"DF588D4E-F11B-CDA9-0C85-49127C7F4D01","23"
"E1880EA8-64B2-9C7C-E626-D159343555D8","23"
"E1A3E48E-E1B4-1E36-FE2F-C4E5A3743779","23"
"E73908A2-5945-D5E9-AEC7-2C460A488864","23"
"EC243849-3D95-A5B3-29B4-6F8AA1A5B999","23"
"ED9CCFC6-33C8-D6A9-731F-B762DFF1659E","23"
"F22BB361-E3CD-BC41-DD6A-A4694F175CD8","23"
"F56FCA4A-0039-9F64-7376-85632B91121B","23"
"F85A7D75-2778-9D75-D776-3F41A828DE88","23"
"FE809ED4-2DB6-55AC-C915-929516E4646B","23"
"0A476ED9-0C13-1962-F87B-D3563924B539","29"
"0BEB80B7-9D66-1707-CE4B-9DC7E71914B5","29"
"11ABED97-EA12-1B9A-96F0-A93ACC172179","29"
"133B82CC-DE62-8604-2D11-3DC5449E0A5F","29"
"13DCC69F-EA07-E52B-8309-D474C6281E80","29"
"13FBB312-B283-7976-DA47-14DE5986218A","29"
"17B43AB2-DD7D-96C4-2C7D-1989F119A1CB","29"
"1C3B3CC4-B919-7616-6A57-EEBDD7B7B68B","29"
"263035AA-8758-E413-8CC4-6D8F81BBF899","29"
"2660D3B8-0B2C-AEBA-A891-95433968CF71","29"
"267C4A86-7BA7-1C5E-0718-2824983C87DD","29"
"2899837A-45A3-D3B1-0D03-8B33B867DF9B","29"
"3142C93E-B3B7-49E4-EE2D-29CA834B198D","29"
"33525F74-4864-C19F-7D23-A8D78668B7C4","29"
"3DBC2D2E-1885-9D8A-3476-61E6865183AE","29"
"44D0BBB1-975E-86AA-75DA-BDAFED65F368","29"
"450ADB51-22CC-B21C-7985-6F34366BE126","29"
"500321C3-A747-2C44-8AE5-5BAC73A663D5","29"
"5458A436-88C5-7CBD-CEB6-8A4545B12CCA","29"
"5E6EC264-1D42-EE1D-870A-497C85828A6A","29"
"69D90229-AD26-43C3-5AAF-8D332D3B3E62","29"
"6D2CA59B-C6E7-3938-CA4D-3603D23647A9","29"
"77B044E8-522C-7870-18E7-B4458BD7EC90","29"
"83A1AA60-721D-6CB6-9857-E794C6EACDF8","29"
"842B6344-B4A2-050D-AA31-9A80432A7E37","29"
"92DCEDD9-46E7-9792-FA05-9B193E926C8B","29"
"9C11DE85-F985-D119-4664-15D448C5E913","29"
"9CB62BC2-FFA6-449F-59E4-379EDA5F29C6","29"
"9F698741-2C27-2C18-9CD3-E3C7F9FBE1CB","29"
"A11EE195-49D1-4B36-28B2-47DD1541A2D4","29"
"A1701A12-426C-3632-A533-974AD887466A","29"
"A4534186-6CA4-E81C-26E1-896861685ED9","29"
"A92944E6-9C59-141E-3F91-66B3C9EDCC31","29"
"AB069F53-965E-A2A8-CE06-CA8C4FD92501","29"
"AD85A78A-8829-5746-93A0-8B7A792EBC18","29"
"B03C0BC7-28F4-D474-8928-523B19A93E7C","29"
"B1ED4136-DA1A-6BF3-4C61-7A575F624670","29"
"CAAD217C-D2CC-C0D3-7D3A-95D6A32383EB","29"
"D39499A3-A9B6-36B9-2B8D-25AF340EDEEB","29"
"D52157FC-58FC-68E6-91D4-CCB11178F8AC","29"
"D662DF87-90B7-8C73-CD48-FA68399392C9","29"
"E3E941D3-0866-2E6F-85D7-A2F21E79A215","29"
"E6873589-5339-4189-E984-9F4B54C844A4","29"
"E69C6E04-0063-3E7C-0676-D1AFC1536B5C","29"
"EA06C211-5A86-C9A8-7CA3-C84D266D4B62","29"
"ECA2BD28-2B62-921A-A912-E68C2806C27E","29"
"EDC458E3-6E51-2D30-5CD6-838D10959BA5","29"
"F2B3E645-2E6D-E891-9D05-33DBACE58DE4","29"
"FBD7E0D6-BA6B-F5BC-0CA9-EA4B8760100C","29"
"063FBA79-99EC-66FB-29F7-25726D1764A5","31"
"06CD9AA5-9B42-D684-DDDD-A5E394FEBA99","31"
"0C7C3A33-9947-3BC1-846D-7BE3D0D17598","31"
"14CAE5B5-8FB1-3E4A-4C85-0EA4167534F4","31"
"1753A288-9FC1-52E6-5C39-A1FFB97B0D3A","31"
"18528B27-18B8-93DA-9B8C-31635C536DA4","31"
"186F53DE-DE27-B1FE-B82F-15B61CEB7726","31"
"18C4E2DD-1E4C-F35E-2198-C660BD81DC25","31"
"1998A483-B4CD-FAE6-745C-8F2F2EB77A8E","31"
"1EA2B262-D507-AD14-4374-4D532967113F","31"
"263035AA-8758-E413-8CC4-6D8F81BBF899","31"
"310B8BF9-A441-1470-EDEF-417B7EF2B169","31"
"35F284A2-5028-6DB8-A631-78B7981716C2","31"
"37C2603F-412A-E0E9-DEB7-BE2982B5CE0D","31"
"3AA66E6B-D2C4-CC71-6BF5-889E44A3D8D9","31"
"3C291BE8-CA7C-39BA-76F8-7CB74937EC98","31"
"3D4B5BDD-C674-13F6-B132-09D180277BC9","31"
"3DBC2D2E-1885-9D8A-3476-61E6865183AE","31"
"3E495EC1-E1C5-26F1-0E3E-2D13EAA2593A","31"
"4C978E50-CBB5-9B56-2BB5-BFE53636C719","31"
"5218E51C-E258-BFA4-BE23-AF815F66FAF8","31"
"5C3A8A3D-8974-40A6-A8AF-C1F7AA6B7C94","31"
"5E948202-34BC-F107-29DC-306A2C491A87","31"
"69775872-8509-62C6-FCBC-ECFB6D7D847F","31"
"70432CEF-BFC6-6827-037C-89013205B2C8","31"
"7E9C9286-F32B-3CA5-68A3-4A841E3A8311","31"
"8028392D-6B8B-C3A3-4E16-E86603AD4204","31"
"8768FDE2-A231-B916-8644-F7DCD13CAFC2","31"
"88A92E6E-863C-A9AA-D832-B46BF23597CE","31"
"8A515ABB-2FED-22CC-CD25-9493530D2EB4","31"
"8A5C0729-BEB4-C999-C36A-A3AC7A0C7B8E","31"
"95E6F678-3731-28A5-EB21-1A8D2D016BCB","31"
"9AB66BAE-D007-3BD8-C34B-93C854E6715C","31"
"9E97F534-962D-5B43-9AAA-24533FB7EDBD","31"
"A2CD7827-4C8D-9E71-8549-262833307BF1","31"
"A38992C3-9B3D-C35C-3AC8-477132B4904D","31"
"A4848E54-0F7C-7164-6C3F-631F96747C52","31"
"A518C6E6-C671-53D0-FD31-929866A32E35","31"
"ABCD2C8D-21D8-2EBB-5A47-E0D7E7A5D64E","31"
"B62D17A8-456A-A5B2-88DB-25314036778E","31"
"BC9E5393-485B-418E-6E9C-CB454E934224","31"
"CDF1E4E5-1A4D-54CD-8734-D48AC4C3E5E6","31"
"DC5ABC81-6D3F-E8CF-29A9-CC136D6EADB8","31"
"DD4011AE-136E-9F62-EEA0-3E0D088E4455","31"
"E3E941D3-0866-2E6F-85D7-A2F21E79A215","31"
"F4BCAE41-3B8E-EA8D-9C24-466F7CEB9F9A","31"
"F85A7D75-2778-9D75-D776-3F41A828DE88","31"
"0466A42E-47CF-8D24-FD01-C0B689713128","43"
"06CD9AA5-9B42-D684-DDDD-A5E394FEBA99","43"
"0CE957A6-CCAA-2B7A-6839-8A4B1B324853","43"
"10A9B07A-810C-76EB-4D15-12C6CC128037","43"
"13FBB312-B283-7976-DA47-14DE5986218A","43"
"1517E8A8-8B44-A7C9-6691-692C27D0DC2C","43"
"1ED7A10C-3D78-18C5-483D-8FFE72CB8D58","43"
"2F74E99B-9337-7F74-5208-5DEC81A174FD","43"
"3142C93E-B3B7-49E4-EE2D-29CA834B198D","43"
"3E18E43B-892B-F520-6B38-3A177E27BD19","43"
"41A2942C-D6E1-B164-2A45-D7ED17237A3A","43"
"443E9122-55E4-142E-AAF8-C0E7148C38AB","43"
"4915FB62-6A6C-9ACA-E92E-03D94E774161","43"
"49CD105D-E569-3733-C8C8-3908ED7E1838","43"
"4C978E50-CBB5-9B56-2BB5-BFE53636C719","43"
"51328349-2536-AB4A-8E97-D2ED2782A7B8","43"
"53398420-74DC-B969-5566-4A83B0DDD757","43"
"55B161FA-A6E4-7783-11A3-ABB8930198E3","43"
"5640D665-31C1-9BE7-A745-AAAED5D53F72","43"
"5BAD8B6D-41B2-E757-6396-88D687C6413A","43"
"5ED7CB81-3126-AD69-E8D8-ACC187976BBB","43"
"644264C8-A268-C3C5-5929-958C49CBC926","43"
"65F73281-0AC6-CE48-6667-1C8E66159728","43"
"66179D5C-9B8D-5E13-9249-BDC1A35406FC","43"
"683334BD-AA2A-0249-B1E8-2FB4CE44E908","43"
"6987DFDB-C49A-A1C3-7236-4258332C794C","43"
"6D69D98A-F18A-99BD-BA86-E43C29FC5ECE","43"
"6EECB866-887D-FC95-E094-45DB4943B515","43"
"7622460B-29BE-594C-8D14-D73DEAD91B94","43"
"770ECE34-EC9D-34AE-8A96-A8E5749AA037","43"
"79B621A9-3FAA-41E4-2845-3DE6532C743D","43"
"8028392D-6B8B-C3A3-4E16-E86603AD4204","43"
"83A757C6-A262-AECA-6AC3-5FBA32AB7329","43"
"8719DE73-B4B6-3B52-29CE-15B666A73AF6","43"
"8A515ABB-2FED-22CC-CD25-9493530D2EB4","43"
"8D895ADD-5501-2A9C-24DD-2EAEB7AEF1C5","43"
"8F54691C-221E-BB4E-4954-5373EE2C959E","43"
"97A22779-F07C-91C1-2331-BCBAD44EBA4B","43"
"9AB66BAE-D007-3BD8-C34B-93C854E6715C","43"
"A4D0D84F-4622-BB83-E6B6-51E545D4A217","43"
"A8748759-CE49-BEDD-D5B3-EB5B3C38A2A5","43"
"A89D4669-57D3-2ED8-5E49-BDC1293B0BBB","43"
"ABB45963-34C7-8C51-4A76-CCD0DD05F548","43"
"ABCD2C8D-21D8-2EBB-5A47-E0D7E7A5D64E","43"
"B03C0BC7-28F4-D474-8928-523B19A93E7C","43"
"B5C49D11-1D34-4B90-209F-803CBA1CE91F","43"
"B6B96082-ECDB-22C1-C413-6E14E8078EC6","43"
"B98FC9AE-1B20-44D3-2C59-EC4D2FE9AE17","43"
"C0B617A7-A5B1-AF49-C9A2-8112974C4957","43"
"C367DD1C-B8F0-5870-E9CF-9ED298A60A6E","43"
"CDF1E4E5-1A4D-54CD-8734-D48AC4C3E5E6","43"
"D69CE9B1-EA51-56DE-7A5A-496B1F63D112","43"
"D7F7744C-39EA-B921-E945-40E135484B4C","43"
"D9B9435F-D55B-BA72-4E66-D8A9E3DC62C0","43"
"DB503576-8093-1D85-37D6-3439B577AD73","43"
"DD3945B9-8D77-14B9-C237-5B41A62ABDAC","43"
"DD760F36-BB02-83DC-69A9-E24D736E30D1","43"
"E147E181-2D6F-E466-AE2A-D2719EE19DDF","43"
"E18C0E42-B95F-11EC-4A78-4EECBF79E8B6","43"
"E2C94327-62EE-9EF1-4D62-B861858AC425","43"
"E2DEC4AA-E02F-8829-DE30-795881675C52","43"
"E38DC6C5-1EE2-602D-2EA2-D2F39C771CDE","43"
"E4794E32-196A-C67D-8759-18821CE66CE2","43"
"EEAAE515-66B6-B449-5926-54D397988AD9","43"
"FE809ED4-2DB6-55AC-C915-929516E4646B","43"
"0466A42E-47CF-8D24-FD01-C0B689713128","47"
"063FBA79-99EC-66FB-29F7-25726D1764A5","47"
"07A46D48-31A3-7E87-65B9-0DA902AD109F","47"
"0DD2E608-5C9E-D1B3-4999-B99F43AD735A","47"
"1998A483-B4CD-FAE6-745C-8F2F2EB77A8E","47"
"267C4A86-7BA7-1C5E-0718-2824983C87DD","47"
"2F3B6AB6-147D-EB0B-FE8D-9A4E2EA9DBD5","47"
"2F74E99B-9337-7F74-5208-5DEC81A174FD","47"
"39C889EA-B158-242A-0B79-E28E8B3A2342","47"
"3D4B5BDD-C674-13F6-B132-09D180277BC9","47"
"4A0149B2-B1A1-D766-49A1-86BA9517EA07","47"
"4B74B94B-D123-7C7E-A9CE-7DA26F911F55","47"
"4C978E50-CBB5-9B56-2BB5-BFE53636C719","47"
"4D8E4891-1711-7D30-E4CB-645A8DF59A43","47"
"4F311D6C-13DC-489A-E153-0E2C9C3C47BA","47"
"51DDB2CB-211E-C27A-24C1-239329CA17BF","47"
"615195B8-9983-A350-3DC7-A16B5135D68C","47"
"649EF79F-4A7E-BCE8-07EF-243030BE5787","47"
"65DB2765-E85D-2B74-2BDA-A8AEFD248928","47"
"66B35B95-C39C-684B-7BCD-CA45E2C7CD4E","47"
"6964B59E-5B14-4E8E-88B6-D3D9A52E1418","47"
"6D891688-E9DE-C3CC-6AE0-B171C08A37D7","47"
"70432CEF-BFC6-6827-037C-89013205B2C8","47"
"7545D580-8332-0024-92F2-6AB47E5C205E","47"
"77B044E8-522C-7870-18E7-B4458BD7EC90","47"
"841AC1A0-9CA6-2AF7-EBC2-BC9C77C1EBB8","47"
"85068503-9D65-6978-D3C4-8E4A8A1B9A3C","47"
"8719DE73-B4B6-3B52-29CE-15B666A73AF6","47"
"873581C1-A079-1277-694F-4E735E854AC9","47"
"8A515ABB-2FED-22CC-CD25-9493530D2EB4","47"
"91C71934-D65D-B4A1-0D5E-670A47DAC93C","47"
"92DCEDD9-46E7-9792-FA05-9B193E926C8B","47"
"9CB62BC2-FFA6-449F-59E4-379EDA5F29C6","47"
"9D38BED9-558B-EF5A-E4B3-C9668587A15B","47"
"9DED76AE-FE36-ACC3-7377-AE98A6D95247","47"
"A02DC5D8-F7C6-EAE3-C038-32488538F6BD","47"
"A4848E54-0F7C-7164-6C3F-631F96747C52","47"
"A6240105-79C6-DD54-28A1-0164B6CE6767","47"
"A89D4669-57D3-2ED8-5E49-BDC1293B0BBB","47"
"AC272DC8-737D-FBB0-548A-B09582C1C00F","47"
"AFE3C197-0B9C-985B-D146-571CD7BEF7FB","47"
"B8DD4087-8749-D9A1-4E81-C28FBFD76C94","47"
"BC2B9A38-77B4-28CD-1FE8-14DED863E773","47"
"BD440E6D-FC5B-A13F-251E-B745CEB24F04","47"
"BF10E3BA-63C3-FAC2-BAE8-D82186EC7A9A","47"
"C1DCC32D-E42A-F2D6-17AD-FF4A639A9B5A","47"
"C56D5792-57D2-19E4-A43D-80D362E62879","47"
"CC77BEEC-E348-8BC9-BE81-46F75404E183","47"
"D7F7744C-39EA-B921-E945-40E135484B4C","47"
"D95F1CB4-2844-66D2-3958-E4E6EFC36A75","47"
"DF588D4E-F11B-CDA9-0C85-49127C7F4D01","47"
"E13D8D35-982C-927A-7CBC-ED425AED80F9","47"
"E1880EA8-64B2-9C7C-E626-D159343555D8","47"
"E1DEA6A2-4E2A-C572-3E58-CBCBEAED2A99","47"
"E2C94327-62EE-9EF1-4D62-B861858AC425","47"
"E2CCE289-2008-C783-997D-88991918CB38","47"
"E7756387-9D45-B1B5-D351-B1BFB64C485C","47"
"E8954683-8BAA-B66B-C641-5695425586DC","47"
"E8A862CE-AC8B-A489-620C-DDD7FEB16AA2","47"
"EA41A50E-27D6-3612-788C-AD736D4EF523","47"
"EAD89828-65AA-E817-F946-E7365972D94E","47"
"F28E106B-5418-4667-9514-2E2A823ECC65","47"
"108B1D1D-5B23-A76C-55EF-C568E49A05DD","59"
"1479B3D2-B7BA-C7BB-4CE3-8D7C2DE85ABB","59"
"18B2472B-DA8B-36F7-B0F2-7DDA688B73D1","59"
"1A1279B1-B393-3EE4-6A2E-6D8F1256A49D","59"
"1B117D49-936C-BA6C-E94B-30C3293AA239","59"
"2A37F5B3-11D8-3BA4-6E94-B7407D91942C","59"
"2B928E1C-EC14-A760-0A75-871477649D6A","59"
"2EA96879-F291-A5B2-BDC8-EDEAFD054661","59"
"2EBE1D7D-9D97-9E4D-E758-2CDB994497A5","59"
"3E18E43B-892B-F520-6B38-3A177E27BD19","59"
"45119B5D-1D54-E623-3C41-3EE30B21A04D","59"
"4B517EB7-E52D-6A40-B47D-398B745EE183","59"
"4E562A2B-99E9-8C82-2340-B6623BC9FE2F","59"
"52B1839C-D594-EB3D-4A72-730B1C8B08F4","59"
"5DC8DC6C-24F8-36A6-4A1C-60E444EC331E","59"
"6987DFDB-C49A-A1C3-7236-4258332C794C","59"
"6BB61B4B-EBD8-84AD-EED7-882D166A7A1E","59"
"6D2CA59B-C6E7-3938-CA4D-3603D23647A9","59"
"71CB87BE-F93E-4877-DF6D-1BD3B312ED29","59"
"71D61251-11D7-99AE-4465-8E21777B5B91","59"
"748C9977-7E2E-A4EC-B272-C686D159D59B","59"
"770ECE34-EC9D-34AE-8A96-A8E5749AA037","59"
"79AEE4AA-8CFA-14A0-53C5-C2143C2A22E7","59"
"7DDED3A7-4845-57C5-8152-30D7376C10DF","59"
"7E6B501B-AD98-1B8B-E7A2-8659C886DBC4","59"
"8626BAB9-6D87-C136-8E8E-61D3F2FACEA6","59"
"88A74E4E-D317-3F69-86A2-57849C548E71","59"
"8EEDAC97-5D5C-8649-B476-2F9D9FC28F80","59"
"B03C0BC7-28F4-D474-8928-523B19A93E7C","59"
"B3E58105-C56C-816E-C133-8F2D7940B0E4","59"
"BB611D65-521D-E30F-94C8-1CD1EDE9CC28","59"
"BD41DCE3-9AD6-D311-63A8-4B7488584F8A","59"
"BEBBC256-9696-1AAB-2C73-D2F3775301A9","59"
"BEC27123-5319-528A-52CB-33933AEC1724","59"
"C40174D7-1EBC-29B2-2F70-53236CA24369","59"
"D271975D-77F6-485C-4E2D-C43DA27AB787","59"
"DD4011AE-136E-9F62-EEA0-3E0D088E4455","59"
"DE684792-5DEE-5E12-D0B5-C5661D48F42A","59"
"E2DEC4AA-E02F-8829-DE30-795881675C52","59"
"EA2C3281-C9C1-A387-44F8-729FB4B51C76","59"
"EA69485B-09A2-6170-73C4-65AFE5B71F4F","59"
"ED1CFB7D-E626-CE54-57A1-A036778B5E1F","59"
"EDC458E3-6E51-2D30-5CD6-838D10959BA5","59"
"EEAAE515-66B6-B449-5926-54D397988AD9","59"
"FCE2AB9A-271D-2BDC-9E49-8DD92A373391","59"
"0CE957A6-CCAA-2B7A-6839-8A4B1B324853","61"
"1575F87A-E37B-DADD-554C-A99D8E7162A6","61"
"18C4E2DD-1E4C-F35E-2198-C660BD81DC25","61"
"1A1279B1-B393-3EE4-6A2E-6D8F1256A49D","61"
"1BC3AC28-04FB-7015-D93A-422C9A68528D","61"
"1C3B3CC4-B919-7616-6A57-EEBDD7B7B68B","61"
"23CF8ED3-402C-7C54-59CD-DB505C5CCCCE","61"
"2660D3B8-0B2C-AEBA-A891-95433968CF71","61"
"276AB37B-1B03-234B-1DA0-88FF91175221","61"
"34368DE0-D181-1B5C-6698-8DF585C06421","61"
"391E1CFD-D653-E45B-A729-F2EB93247B58","61"
"3A4D2D8C-AC59-C2D2-2C36-EAAD62B32B26","61"
"3ED634C2-01CA-D6E9-2DBD-24B53A7912F7","61"
"45119B5D-1D54-E623-3C41-3EE30B21A04D","61"
"5B3327C3-0A6C-EFF1-182A-CD8220923A98","61"
"5B60F39F-96CC-8C8D-EA01-E658063A8181","61"
"5E47EB85-1F76-1853-839F-94FCF9A95700","61"
"5E7BBA02-A5B6-C734-D7B7-241D674254A9","61"
"6964B59E-5B14-4E8E-88B6-D3D9A52E1418","61"
"6BB61B4B-EBD8-84AD-EED7-882D166A7A1E","61"
"6D891688-E9DE-C3CC-6AE0-B171C08A37D7","61"
"726E5247-EC79-A415-3409-16A666404C6A","61"
"760EEFBC-3E63-3111-613B-ACC61E1B5136","61"
"77B044E8-522C-7870-18E7-B4458BD7EC90","61"
"7A0BCF99-A8ED-A7C7-2828-CD30FDC44297","61"
"7BA8EED9-5129-BC22-1BBC-1E832192D5C4","61"
"8028392D-6B8B-C3A3-4E16-E86603AD4204","61"
"8432397E-BCE5-EC1D-67E3-E0F92EDB1777","61"
"85362E53-765A-FFD1-585C-18DA6D644B38","61"
"8655F767-78E6-733A-37B9-210CC3D1D4A9","61"
"86AA189F-711F-E754-96B9-EB84B2305782","61"
"8D5C52B9-42BE-480C-359E-CE36E1916D19","61"
"8D895ADD-5501-2A9C-24DD-2EAEB7AEF1C5","61"
"92DCEDD9-46E7-9792-FA05-9B193E926C8B","61"
"935EBFEE-B75C-6C68-4AC3-61351035C549","61"
"97A22779-F07C-91C1-2331-BCBAD44EBA4B","61"
"9A993DCE-716B-D784-9192-285C2A490AE8","61"
"9CB62BC2-FFA6-449F-59E4-379EDA5F29C6","61"
"9DED76AE-FE36-ACC3-7377-AE98A6D95247","61"
"A02DC5D8-F7C6-EAE3-C038-32488538F6BD","61"
"A11EE195-49D1-4B36-28B2-47DD1541A2D4","61"
"A31B0B35-6658-6805-353E-88479B3E4FD7","61"
"AB069F53-965E-A2A8-CE06-CA8C4FD92501","61"
"AC777376-9329-BE65-285C-505D7C83A262","61"
"AE7467A8-B8F4-6E7B-D41D-C426E4F16B75","61"
"B9A3856E-B2FE-F957-CC3F-F3473D2B5CFE","61"
"BA91684D-74AA-3BB6-148B-346B6EAD1937","61"
"BF0BA28B-355D-412E-089C-B152516DC965","61"
"CA264293-D392-1E21-1BCA-16CEA88D875A","61"
"D1573887-B075-C061-BEE5-FDEB8AC7B74F","61"
"D20BBC5C-8161-1D3B-E15D-243D51B563B6","61"
"D6F37D7A-A07E-01AA-DE27-476C89D26A8E","61"
"D9B9435F-D55B-BA72-4E66-D8A9E3DC62C0","61"
"E69AA81E-A9BE-5A34-1804-E349A1A76C26","61"
"EAC77318-72E4-51E3-AB5A-9BCCBA39C8F2","61"
"EF9E08A9-457D-D7C1-41E4-059B31C35CEC","61"
"F4BCAE41-3B8E-EA8D-9C24-466F7CEB9F9A","61"
"063FBA79-99EC-66FB-29F7-25726D1764A5","67"
"09DE92CE-6F27-2BB7-13B5-9385B2B3B8E2","67"
"122DC333-E19F-D629-DCD8-9C54CF1EBB9A","67"
"1742D72D-6EC3-1B42-A1B2-24AA75A6A14B","67"
"1822A630-4B6E-DABC-2576-6EC107FA15C2","67"
"1998A483-B4CD-FAE6-745C-8F2F2EB77A8E","67"
"1A9B5411-64D8-DEC4-AC74-43E235AAEFC1","67"
"1C3B3CC4-B919-7616-6A57-EEBDD7B7B68B","67"
"23CF8ED3-402C-7C54-59CD-DB505C5CCCCE","67"
"267C4A86-7BA7-1C5E-0718-2824983C87DD","67"
"32A9BDCA-1390-2BE1-82C8-AD514E38A203","67"
"35F284A2-5028-6DB8-A631-78B7981716C2","67"
"36AD59C1-944F-C355-8358-B83A446F3272","67"
"3A3E00C1-C191-02EF-AD8E-42C9DA644E4A","67"
"414D51E1-B793-49F5-B593-795429B4E258","67"
"4217E857-1D51-5D25-B645-EC24D23C8759","67"
"4236493E-3596-5E19-4768-2195A5D17CC0","67"
"4334349E-CEB0-3D68-A4D4-FEB7718A1ACE","67"
"43CDD853-0EC5-439D-8A4E-0D811A4A83BD","67"
"4D8E4891-1711-7D30-E4CB-645A8DF59A43","67"
"5218E51C-E258-BFA4-BE23-AF815F66FAF8","67"
"5CB0C889-D096-D327-ADE7-D111E1E6E2BC","67"
"62A399E3-0FDD-2E65-5A95-21D8C59C33DC","67"
"6434A591-C914-3A5A-A9B5-689653768EC8","67"
"65F57592-B32E-1D2E-3466-57D7F1691D0D","67"
"66B35B95-C39C-684B-7BCD-CA45E2C7CD4E","67"
"683334BD-AA2A-0249-B1E8-2FB4CE44E908","67"
"693EED6A-CD1A-BC0B-B2C6-3DEE6A90290B","67"
"69D90229-AD26-43C3-5AAF-8D332D3B3E62","67"
"6AAA5BDC-C19A-82CC-EF22-70DEE21ACF9E","67"
"6CD4E674-30C5-7F82-7AE5-D8D48E62A684","67"
"73A71CC9-4812-F2BF-4561-3B248FC6E806","67"
"743280CC-B786-23A5-5E18-15B5E1A9CB01","67"
"79F26AC9-5EEE-1AF1-444A-3A012EDD45EF","67"
"7D0819EC-7363-6767-36C0-97C7E77D5E65","67"
"842B6344-B4A2-050D-AA31-9A80432A7E37","67"
"85C562AB-DC50-8E93-3D86-47B1B751A851","67"
"8655F767-78E6-733A-37B9-210CC3D1D4A9","67"
"8BCE9908-6D44-B7DB-D363-D468A2DF3A25","67"
"8EECB926-0A27-9A3A-D0A8-B8FDBC0F8A75","67"
"943113EA-A763-9D81-0594-37159E119857","67"
"96EC9CC8-867A-B71B-D61A-934C59DF7514","67"
"9B9F8626-8BA7-45E2-CE6D-CD16D0ED80E4","67"
"9D38BED9-558B-EF5A-E4B3-C9668587A15B","67"
"A1ABDB2E-4E96-3D0D-2E4C-B19425290943","67"
"A6240105-79C6-DD54-28A1-0164B6CE6767","67"
"A8748759-CE49-BEDD-D5B3-EB5B3C38A2A5","67"
"B5C49D11-1D34-4B90-209F-803CBA1CE91F","67"
"B6F30493-40C3-5391-8A92-5217B10C391A","67"
"BEC27123-5319-528A-52CB-33933AEC1724","67"
"BF10E3BA-63C3-FAC2-BAE8-D82186EC7A9A","67"
"C0343DE8-E34C-4532-BE22-2F2E6BD34D73","67"
"C40174D7-1EBC-29B2-2F70-53236CA24369","67"
"CAAD217C-D2CC-C0D3-7D3A-95D6A32383EB","67"
"CDCDE7A5-39CD-9ABD-59D5-71641582C825","67"
"CEBC8755-77B1-722D-A899-E86B58B837BC","67"
"D1B245BE-2D26-CA7D-C357-027A6D27A0A1","67"
"D3831AE1-A50D-1541-AF7B-EE75529F278A","67"
"D79CC16C-F4B6-2F15-14EE-50EDF35899A1","67"
"D84548D7-A8CE-3CC7-852E-1A67EF7937F7","67"
"D938FE61-B342-04B6-78A7-C9FA57B590AA","67"
"E1A3E48E-E1B4-1E36-FE2F-C4E5A3743779","67"
"E2DB8D98-9328-ACDA-39A3-802C7BB36D34","67"
"E38DC6C5-1EE2-602D-2EA2-D2F39C771CDE","67"
"E8A862CE-AC8B-A489-620C-DDD7FEB16AA2","67"
"EAD9435C-77C0-3D84-D9A9-BF535EDABE7A","67"
"EB142E61-B4EC-3423-4FE9-6FB2151A3DB5","67"
"EFEECC2E-2A69-AB33-D599-E82AA689E3B3","67"
"02C6201E-D90A-1859-B4EE-88D2986D3B02","71"
"135267BA-2E7D-957C-C42C-6450A2B3ED54","71"
"158A3ACB-541C-DBCC-65BD-6373CC67BF1C","71"
"18CCBA7C-ABC1-813D-FAF3-4BAB97429368","71"
"2139A647-D965-AA81-3915-55DADA16CD3F","71"
"2449E458-D672-3152-B598-FE959AC3AEB6","71"
"2EA96879-F291-A5B2-BDC8-EDEAFD054661","71"
"35DE2442-5AEB-9C73-E8DE-BC31DEA8C4DE","71"
"3AA66E6B-D2C4-CC71-6BF5-889E44A3D8D9","71"
"3FEC4131-9BED-2EA6-1776-82674C80DDBB","71"
"4236493E-3596-5E19-4768-2195A5D17CC0","71"
"4F311D6C-13DC-489A-E153-0E2C9C3C47BA","71"
"5640D665-31C1-9BE7-A745-AAAED5D53F72","71"
"598EA316-9623-BDA9-6D24-529A830AD995","71"
"5B0EEF86-B8A1-EFAA-5EE1-27E7DC8F54A4","71"
"5E7BBA02-A5B6-C734-D7B7-241D674254A9","71"
"6118B3E9-D9D1-55D4-1A1B-A58CC63845B6","71"
"65A7C3AC-FFFC-3495-95B1-52C38507E523","71"
"65DB2765-E85D-2B74-2BDA-A8AEFD248928","71"
"6CB65FA4-6A8E-0C33-BFB7-2E8E4A775E4B","71"
"72C62199-C17C-9E1F-8AD7-247B81D6D758","71"
"75685049-7F29-3D74-733E-571854E7C521","71"
"7DC26247-20EC-53FE-E555-B6C2E55CA5D5","71"
"7E9C9286-F32B-3CA5-68A3-4A841E3A8311","71"
"802BBC0F-2B3E-0F18-258E-D687B9DDB776","71"
"84B8ECA6-A786-91C0-C973-8B730565BFA3","71"
"87076D11-12E5-5E88-342E-BEDBF6EB1DED","71"
"8768FDE2-A231-B916-8644-F7DCD13CAFC2","71"
"9B6B74E4-92EC-1E1B-908B-3C611E43611D","71"
"9CB62BC2-FFA6-449F-59E4-379EDA5F29C6","71"
"A095D2D2-BE1A-6673-3369-5951992C967B","71"
"A11EE195-49D1-4B36-28B2-47DD1541A2D4","71"
"A143CEC3-5F73-4A92-BBEC-48125E1A9C17","71"
"A483C535-9E4F-6D72-D568-B496DAB0DE56","71"
"A4848E54-0F7C-7164-6C3F-631F96747C52","71"
"A4D0D84F-4622-BB83-E6B6-51E545D4A217","71"
"A518C6E6-C671-53D0-FD31-929866A32E35","71"
"A6EBADAE-2E18-2FD5-0359-C3C2BBDBAB04","71"
"A8E203DA-9A20-2DA7-29E3-D8559BBECC95","71"
"AA1C1C48-FF62-DE8E-AF15-B183B5BD166D","71"
"B1ED4136-DA1A-6BF3-4C61-7A575F624670","71"
"B53165B9-7C93-0783-641C-5EA94E4C8683","71"
"C1DCC32D-E42A-F2D6-17AD-FF4A639A9B5A","71"
"CC77BEEC-E348-8BC9-BE81-46F75404E183","71"
"CEED5D49-B28F-49A6-E967-9E7F74864190","71"
"D6F37D7A-A07E-01AA-DE27-476C89D26A8E","71"
"D84548D7-A8CE-3CC7-852E-1A67EF7937F7","71"
"E1880EA8-64B2-9C7C-E626-D159343555D8","71"
"E69C6E04-0063-3E7C-0676-D1AFC1536B5C","71"
"EA06C211-5A86-C9A8-7CA3-C84D266D4B62","71"
"ED1CFB7D-E626-CE54-57A1-A036778B5E1F","71"
"ED9CCFC6-33C8-D6A9-731F-B762DFF1659E","71"
"EFEECC2E-2A69-AB33-D599-E82AA689E3B3","71"
"F56FCA4A-0039-9F64-7376-85632B91121B","71"
"0CE957A6-CCAA-2B7A-6839-8A4B1B324853","73"
"1C9EE7A2-EA73-9E54-DAC7-D08632543C68","73"
"1DE927AB-29A8-654F-3372-43971B6844AA","73"
"2B20375D-A316-8471-E83E-41EC79B7A88D","73"
"2C9A4725-4B19-621C-4EE4-AE9E31CFE5B0","73"
"3A3B4A86-14FC-D9B3-164A-21542B509E1D","73"
"3AA66E6B-D2C4-CC71-6BF5-889E44A3D8D9","73"
"51CEA9A2-56AD-C8C8-EBDB-6AF2B74433F3","73"
"5E7BBA02-A5B6-C734-D7B7-241D674254A9","73"
"65F57592-B32E-1D2E-3466-57D7F1691D0D","73"
"70152729-0350-F99C-D057-EF42857AA849","73"
"7E6B501B-AD98-1B8B-E7A2-8659C886DBC4","73"
"8432397E-BCE5-EC1D-67E3-E0F92EDB1777","73"
"85390F4A-9A61-3352-7EE3-ABDA9EDC7C55","73"
"86AA189F-711F-E754-96B9-EB84B2305782","73"
"8796C289-D355-1A10-3CD5-ADF327D4642A","73"
"971B44E4-D8B9-4553-163B-E41EB6A0637E","73"
"9B7D1DBC-1A36-4DBA-BB0F-CD7616DE3C4B","73"
"9CEA5069-EEDB-11BB-F8DE-9E8585CA56B8","73"
"9DED76AE-FE36-ACC3-7377-AE98A6D95247","73"
"A1ABDB2E-4E96-3D0D-2E4C-B19425290943","73"
"A2CD7827-4C8D-9E71-8549-262833307BF1","73"
"A483C535-9E4F-6D72-D568-B496DAB0DE56","73"
"A89CF3B1-ABAB-63E4-220B-3549EB570544","73"
"ABCD2C8D-21D8-2EBB-5A47-E0D7E7A5D64E","73"
"AFE3C197-0B9C-985B-D146-571CD7BEF7FB","73"
"B57F59CF-8350-864C-ECD4-652F5E7882FD","73"
"BA338D01-C4D1-6F43-DDF8-5EC8C8B8384B","73"
"BD440E6D-FC5B-A13F-251E-B745CEB24F04","73"
"C0B617A7-A5B1-AF49-C9A2-8112974C4957","73"
"C65A7836-4EC2-7C17-E22C-04D8D54A5B1A","73"
"CA8EDD4B-5EC5-8447-3804-20B27924B221","73"
"D33B21EB-A61E-BD8C-5DE7-1DA4AC210AE6","73"
"D616D488-341E-C82E-5137-12B8B0E79C77","73"
"D79CC16C-F4B6-2F15-14EE-50EDF35899A1","73"
"DB49DD45-6B1E-A151-5881-BDE2DC2965C0","73"
"DC1885DA-2644-8623-0C0D-67AB5D8AB223","73"
"DC5ABC81-6D3F-E8CF-29A9-CC136D6EADB8","73"
"DE182E71-1C46-2EB8-A27F-2167D2D3B5D6","73"
"E18C0E42-B95F-11EC-4A78-4EECBF79E8B6","73"
"E2C94327-62EE-9EF1-4D62-B861858AC425","73"
"E3911BE6-151C-5FD7-C730-7F69B7841C7B","73"
"E5078B1B-9591-E204-CC0A-E14C4EC74EAB","73"
"EA2C3281-C9C1-A387-44F8-729FB4B51C76","73"
"ED1CFB7D-E626-CE54-57A1-A036778B5E1F","73"
"F1A598A2-86C5-50A9-F1CE-FB1D69866C39","73"
"FD89D51B-AE8D-77DC-E450-B8083FBD3187","73"
"0668296C-CDB9-A883-76BC-2E4C44F8C8AE","83"
"0CE957A6-CCAA-2B7A-6839-8A4B1B324853","83"
"10A9B07A-810C-76EB-4D15-12C6CC128037","83"
"1517E8A8-8B44-A7C9-6691-692C27D0DC2C","83"
"1575F87A-E37B-DADD-554C-A99D8E7162A6","83"
"1742D72D-6EC3-1B42-A1B2-24AA75A6A14B","83"
"18528B27-18B8-93DA-9B8C-31635C536DA4","83"
"18CCBA7C-ABC1-813D-FAF3-4BAB97429368","83"
"19E1EC3E-2119-1EFD-8AAE-5930D4A4E63F","83"
"1B117D49-936C-BA6C-E94B-30C3293AA239","83"
"241827A6-E87C-6DA3-5AC9-BBCFD42B7D2A","83"
"263035AA-8758-E413-8CC4-6D8F81BBF899","83"
"2660D3B8-0B2C-AEBA-A891-95433968CF71","83"
"391E1CFD-D653-E45B-A729-F2EB93247B58","83"
"3DBC2D2E-1885-9D8A-3476-61E6865183AE","83"
"3FEC4131-9BED-2EA6-1776-82674C80DDBB","83"
"4217E857-1D51-5D25-B645-EC24D23C8759","83"
"4832166E-E11C-BBC3-41DB-B8704686B7A3","83"
"4B3FF0B5-1547-801E-D5B0-44EDB2F62210","83"
"55166D02-D74C-6A63-6C54-8678467649B4","83"
"55B161FA-A6E4-7783-11A3-ABB8930198E3","83"
"659112E3-A432-EF12-DCEE-947A81E53825","83"
"65A7C3AC-FFFC-3495-95B1-52C38507E523","83"
"6A888487-255B-B546-907E-AC033DA2B841","83"
"6BB61B4B-EBD8-84AD-EED7-882D166A7A1E","83"
"8626BAB9-6D87-C136-8E8E-61D3F2FACEA6","83"
"8796C289-D355-1A10-3CD5-ADF327D4642A","83"
"8BCE9908-6D44-B7DB-D363-D468A2DF3A25","83"
"96EA5722-F3D4-FA2A-AC8C-865A5A72DBB5","83"
"A1701A12-426C-3632-A533-974AD887466A","83"
"A6EBADAE-2E18-2FD5-0359-C3C2BBDBAB04","83"
"A89CF3B1-ABAB-63E4-220B-3549EB570544","83"
"A8E203DA-9A20-2DA7-29E3-D8559BBECC95","83"
"AA6CA954-0AF1-D69E-6BEF-6B5B168C1A82","83"
"AC777376-9329-BE65-285C-505D7C83A262","83"
"ACD2011A-A2B1-C365-41E1-2AB00C65147A","83"
"B4E1213B-8B35-9D9A-DD7D-93EBC7BCD7FF","83"
"B586C7E1-2C13-BFA1-77D2-5DD13CCEA898","83"
"B6B96082-ECDB-22C1-C413-6E14E8078EC6","83"
"B6E5AB03-1D98-EE7D-108D-E0A2965AB147","83"
"BCD57868-7187-DB86-BAE1-EB3E6EEC3B48","83"
"BED35659-8521-645B-95C5-F58B732FA6C0","83"
"C40174D7-1EBC-29B2-2F70-53236CA24369","83"
"C65A7836-4EC2-7C17-E22C-04D8D54A5B1A","83"
"C79B917A-76A1-9A57-A9DF-D8CAD4C91684","83"
"D1B245BE-2D26-CA7D-C357-027A6D27A0A1","83"
"D6419ECE-BE11-7DFE-DEC7-1A2E695B19EB","83"
"D8FF8171-7166-24CA-3936-576581686158","83"
"DA7A5D76-448A-678E-4836-465C8B963F4E","83"
"E2DEC4AA-E02F-8829-DE30-795881675C52","83"
"E38DC6C5-1EE2-602D-2EA2-D2F39C771CDE","83"
"E4794E32-196A-C67D-8759-18821CE66CE2","83"
"E6439B1C-C8F4-15B5-36ED-718482226631","83"
"E95B26BA-2466-6ECB-81D4-57CB6225AB78","83"
"EA69485B-09A2-6170-73C4-65AFE5B71F4F","83"
"FBD7E0D6-BA6B-F5BC-0CA9-EA4B8760100C","83"
"FD2E8957-414B-BEEC-E9AD-59AA7A8A6290","83"
"0668296C-CDB9-A883-76BC-2E4C44F8C8AE","89"
"0C7C3A33-9947-3BC1-846D-7BE3D0D17598","89"
"1026DA24-8929-31F1-8250-D7BAB05C13D2","89"
"1479B3D2-B7BA-C7BB-4CE3-8D7C2DE85ABB","89"
"158A3ACB-541C-DBCC-65BD-6373CC67BF1C","89"
"15CC4862-D13E-ED4B-941C-486484AFDFAD","89"
"162C7E78-2B6B-7971-A1E4-D2124E732451","89"
"1753A288-9FC1-52E6-5C39-A1FFB97B0D3A","89"
"18D648AB-7D54-A3E8-2DBA-2D8D2991CA43","89"
"20418DE5-B804-BE9B-BD7A-A95C1BFDBF5C","89"
"239B8576-6C0E-137A-C2F6-3180A188A2D3","89"
"2A37F5B3-11D8-3BA4-6E94-B7407D91942C","89"
"2B20375D-A316-8471-E83E-41EC79B7A88D","89"
"2EBE1D7D-9D97-9E4D-E758-2CDB994497A5","89"
"3EB67ADC-B4F1-83C4-93E2-E8469D1A37F6","89"
"41932C77-45B5-C786-6B3F-DBB619B2D535","89"
"4217E857-1D51-5D25-B645-EC24D23C8759","89"
"45CA3E45-6B42-CAC4-7683-EBB69D523B3E","89"
"4D8E4891-1711-7D30-E4CB-645A8DF59A43","89"
"55166D02-D74C-6A63-6C54-8678467649B4","89"
"5B60F39F-96CC-8C8D-EA01-E658063A8181","89"
"61EC87A4-CF88-B392-F83B-75E7F2C93537","89"
"632BBEE9-4725-E15C-7FC4-5B5D7EC5BD29","89"
"65F73281-0AC6-CE48-6667-1C8E66159728","89"
"67692B94-E67F-0D25-59BF-D236BD9B4711","89"
"6CD4E674-30C5-7F82-7AE5-D8D48E62A684","89"
"6D69D98A-F18A-99BD-BA86-E43C29FC5ECE","89"
"6D891688-E9DE-C3CC-6AE0-B171C08A37D7","89"
"72C62199-C17C-9E1F-8AD7-247B81D6D758","89"
"80776A89-E0D2-A8EA-759B-50427D32BADA","89"
"83A757C6-A262-AECA-6AC3-5FBA32AB7329","89"
"83E6BA9E-E737-37D0-5385-585F1B8A318B","89"
"943113EA-A763-9D81-0594-37159E119857","89"
"9C4B45E7-C159-18E5-DB43-9D6F897775D4","89"
"A14C4361-9AC9-A3E7-7B1B-73BA6A3D23D7","89"
"A2689A2C-722B-9357-886D-2DDA864E246D","89"
"A84B14A2-2964-EFDE-A234-52B8BCAD87B7","89"
"B4F9ED4C-DEB5-266B-1A61-1A1965A10118","89"
"B57F59CF-8350-864C-ECD4-652F5E7882FD","89"
"C9185110-96F7-193C-D4B4-D1086A63744A","89"
"CA264293-D392-1E21-1BCA-16CEA88D875A","89"
"CDB26CD6-B89A-8EDD-E1BE-A332460535C7","89"
"D95F1CB4-2844-66D2-3958-E4E6EFC36A75","89"
"E2CCE289-2008-C783-997D-88991918CB38","89"
"E308729C-4A62-08C9-45C6-58C9479D4626","89"
"E7756387-9D45-B1B5-D351-B1BFB64C485C","89"
"E8A862CE-AC8B-A489-620C-DDD7FEB16AA2","89"
"EB142E61-B4EC-3423-4FE9-6FB2151A3DB5","89"
"EC8D77B4-5570-7DC6-3DE9-E46A861A7479","89"
"F2B3E645-2E6D-E891-9D05-33DBACE58DE4","89"
"FD2E8957-414B-BEEC-E9AD-59AA7A8A6290","89"
"0466A42E-47CF-8D24-FD01-C0B689713128","97"
"1026DA24-8929-31F1-8250-D7BAB05C13D2","97"
"13DCC69F-EA07-E52B-8309-D474C6281E80","97"
"152598C2-029D-D684-4B66-91EDF393EBFF","97"
"15CC4862-D13E-ED4B-941C-486484AFDFAD","97"
"1822A630-4B6E-DABC-2576-6EC107FA15C2","97"
"18C4E2DD-1E4C-F35E-2198-C660BD81DC25","97"
"18CCBA7C-ABC1-813D-FAF3-4BAB97429368","97"
"1DE927AB-29A8-654F-3372-43971B6844AA","97"
"22C9EC22-45FC-72C8-63CE-5FA99A24E770","97"
"241827A6-E87C-6DA3-5AC9-BBCFD42B7D2A","97"
"276AB37B-1B03-234B-1DA0-88FF91175221","97"
"310B8BF9-A441-1470-EDEF-417B7EF2B169","97"
"34AA1D64-2989-DE1C-8705-C66C8DDB19DD","97"
"357BB633-3C33-A9D3-B8CD-9DDE75951893","97"
"3E495EC1-E1C5-26F1-0E3E-2D13EAA2593A","97"
"4915FB62-6A6C-9ACA-E92E-03D94E774161","97"
"4ABE3D77-BF86-12D3-E1C5-22663D37C199","97"
"5218E51C-E258-BFA4-BE23-AF815F66FAF8","97"
"55166D02-D74C-6A63-6C54-8678467649B4","97"
"5C3A8A3D-8974-40A6-A8AF-C1F7AA6B7C94","97"
"5F4738BE-B392-A2E2-1E8E-C4A812C6A95C","97"
"636C9DDA-453D-B336-FD2E-89A0E48E1C52","97"
"6CB65FA4-6A8E-0C33-BFB7-2E8E4A775E4B","97"
"6CD4E674-30C5-7F82-7AE5-D8D48E62A684","97"
"6D69D98A-F18A-99BD-BA86-E43C29FC5ECE","97"
"72997E96-DC2C-A4D7-7C24-66C302F8AE5A","97"
"74AAB47D-9528-DAF4-D7A8-AC94C74F6997","97"
"75DB5267-8C65-77D2-26BA-F5F3BD39C874","97"
"770ECE34-EC9D-34AE-8A96-A8E5749AA037","97"
"7D0819EC-7363-6767-36C0-97C7E77D5E65","97"
"7EB174C8-192F-1A8D-2F7A-EF688EB5B597","97"
"842B6344-B4A2-050D-AA31-9A80432A7E37","97"
"89398CE5-8912-EC57-7649-3F5394C7D795","97"
"971B44E4-D8B9-4553-163B-E41EB6A0637E","97"
"9833DD1C-702C-A8A7-FBA6-ABCA470DF7BE","97"
"9A58B3E0-1E27-94E2-6487-9A63F07BC833","97"
"9B6B74E4-92EC-1E1B-908B-3C611E43611D","97"
"9BC43721-DD11-4539-AA84-D544F911251E","97"
"9C4B45E7-C159-18E5-DB43-9D6F897775D4","97"
"A14C4361-9AC9-A3E7-7B1B-73BA6A3D23D7","97"
"A2CD7827-4C8D-9E71-8549-262833307BF1","97"
"A84B14A2-2964-EFDE-A234-52B8BCAD87B7","97"
"A89D4669-57D3-2ED8-5E49-BDC1293B0BBB","97"
"AC777376-9329-BE65-285C-505D7C83A262","97"
"B6F30493-40C3-5391-8A92-5217B10C391A","97"
"BA338D01-C4D1-6F43-DDF8-5EC8C8B8384B","97"
"BED35659-8521-645B-95C5-F58B732FA6C0","97"
"C367DD1C-B8F0-5870-E9CF-9ED298A60A6E","97"
"CA264293-D392-1E21-1BCA-16CEA88D875A","97"
"CAD3A46C-AA37-967D-A1BA-5C490488D9AC","97"
"CEBC8755-77B1-722D-A899-E86B58B837BC","97"
"D52157FC-58FC-68E6-91D4-CCB11178F8AC","97"
"D662DF87-90B7-8C73-CD48-FA68399392C9","97"
"E1DEA6A2-4E2A-C572-3E58-CBCBEAED2A99","97"
"E6E14C3A-1AE7-7B62-57D8-16A6F19C995F","97"
"EAD89828-65AA-E817-F946-E7365972D94E","97"
"F28E106B-5418-4667-9514-2E2A823ECC65","97"
"F5ACD74B-4275-5AA1-2414-6EF417636B98","97"
"F85A7D75-2778-9D75-D776-3F41A828DE88","97"
"FBD7E0D6-BA6B-F5BC-0CA9-EA4B8760100C","97"
