"CcU-2938","275","TR301950312213576817638661","5424465566813633","3257","984","%B8383712448554646^WovsxejDpwiev^86041142?7","%B7653863056044187=8007163336?3","10/30/22"
"CcU-2945","274","DO26854763748537475216568689","5142423821948828","9080","887","%B4621311609958661^UftuyfsSeimxn^0610628241?7","%B4149568437843501=5107140330?1","08/24/23"
"CcU-2952","273","BG45IVQL52710525608255","4556 453 55 5287","4598","438","%B2183285104307501^CddyytcUxwfdq^5907955430?9","%B6778580257827162=69068597400?7","06/29/21"
"CcU-2959","272","CR7242477244335841535","372461377349375","3583","667","%B7281111956795320^XocddijBckecd^09016253?3","%B4246154489281853=2805223916?8","02/24/23"
"CcU-2966","271","BG72LKTQ15627628377363","448566 886747 7265","4900","130","%B4728932322756223^JhlgvsuFbmwgj^72022894943?7","%B2318571115599881=8908215784?5","10/29/24"
"CcU-2973","270","PT87806228135092429456346","544 58654 54343 384","8760","887","%B4761405253275637^HjnnipoBlejrl^7108515632?1","%B7816169831446746=13102772?9","01/30/25"
"CcU-2980","269","DE39241881883086277136","402400 7145845969","5075","596","%B7320483593870549^OokzqxrHpased^49017394?3","%B2474313962214151=0412219131?5","07/24/22"
"CcU-2987","268","GE89681434837748781813","3763 747687 76666","2298","797","%B4750646345146674^PjmlyrfGwwtrf^83051712?6","%B5441935173418615=4103704536?7","10/31/23"
"CcU-2994","267","BH62714428368066765294","344283273252593","7545","595","%B1583759784015674^GmqoyhtUtoqrn^25078511?7","%B4141467473024349=65068009550?4","02/28/22"
"CcU-3001","266","CY49087426654774581266832110","511722 924833 2244","9562","867","%B6227288756728648^AwxilfcFmgvdy^2808804611?8","%B3429355750963453=5305268305?3","09/16/22"
"CcU-3008","265","LU507216693616119230","4485744464433884","1856","740","%B7182449430529226^MkoutyhTfdvpo^1708175473?5","%B6235123731781366=9405638166?8","04/05/25"
"CcU-3015","264","PS119398216295715968342456821","3784 662233 17389","3246","822","%B5776250106724742^QvvzkrcCwrovm^53058424897?4","%B3561372148267521=1905473166?7","01/31/22"
"CcU-3022","263","GT91695162850556977423121857","5164 1379 4842 3951","5610","342","%B8456622214332875^XmwxhenXwoxbt^0508295738?5","%B7761154174374063=2304233429?4","04/25/25"
"CcU-3029","262","AZ62317413982441418123739746","3429 279566 77631","9708","505","%B9882354238385082^HrmhqsnRprjpm^1902708608?3","%B4377026757181186=5802453819?6","09/02/23"
"CcU-3036","261","AZ39336002925842865843941994","3768 451556 48766","2232","565","%B4814576454466431^IcstszwEpqgfk^9205914186?8","%B7259434322726515=5305460495?3","10/27/25"
"CcU-3043","260","TN6488143310514852179535","455676 6437463635","5969","196","%B6524853618888394^VjjxpyyCbiopy^4406795711?4","%B5469323811685837=24038685?7","06/07/25"
"CcU-3050","259","FR5167744369175836831854477","4024007123722","4834","126","%B7784177223537930^NhuwoziEexiwa^9105743857?8","%B2727867073512632=7403690244?5","10/09/23"
"CcU-3057","258","LU931822574697545215","3484 621767 21237","6805","848","%B4513246318178918^EbmpsehXroiiy^7102534491?5","%B1725272041127802=5202769798?2","09/14/25"
"CcU-3064","257","PS146965545449253377627273133","3467 732741 26810","3865","498","%B7675544533775797^XlxvwhuPwqeek^51032796460?7","%B2536323414661722=08123392228? ","06/03/25"
"CcU-3071","256","NO8923814763512","3464 789562 23352","6625","661","%B8981277622416587^EhdwdwlMapqxc^28062004?3","%B8150826795832177=47081653206?1","12/20/23"
"CcU-3078","255","IS025127145884623279548733","4539 322 74 2377","9405","720","%B8805395627676929^YnqcruwOohnno^6909501308?3","%B7847385332697301=5104451894?1","03/08/23"
"CcU-3085","254","BE63114723972437","5266 3346 1135 1687","7241","413","%B8242982826686377^VnaovghMajfgu^7806966887?1","%B2848502349754061=46089897?9","05/10/23"
"CcU-3092","253","RO65LSOD1166122125447487","3488 754223 46253","9417","594","%B2804123689465462^DolminrDnylkw^61072975534?3","%B1237574406214788=4008213842?7","12/19/22"
"CcU-3099","252","PT26105275356823705537218","448 55418 98863 789","5612","564","%B5875431253326368^SdyavpeXpeeuj^8403498607?8","%B7204024880651978=6509974687?4","01/22/23"
"CcU-3106","251","AT684251637751136592","349547146395283","9733","209","%B1491494879325988^FhfgvwhNxaoik^7001543563?4","%B9821795210722817=03037207?7","01/27/24"
"CcU-3113","250","IE26LCGT47732173572752","341834822877471","9011","287","%B9356731333359126^KwphyxlApsdpm^5512580246?1","%B3438596027194536=5306586553?2","06/12/21"
"CcU-3120","249","RS72655766666166237144","527646 533375 6577","7658","265","%B3818528147385482^IckpiwyJqrhxw^7006549231?7","%B6498697042095238=65091653?3","01/16/21"
"CcU-3127","248","PT83533461438644342816864","4716 443 46 4368","8038","924","%B3061281355691188^XboirwxZppjpw^25063952?5","%B3251465561823891=72101965788?1","01/16/23"
"CcU-3134","247","BG23MYJQ52668951824779","5146 3453 9766 2168","7260","935","%B3134742282305614^IlelbtiVdryvp^9010905502? ","%B3656418879463739=76028361?5","08/24/25"
"CcU-3141","246","CH4437804777669672438","3775 626726 45261","2923","330","%B8611377716725740^CpqmvnuHoewpf^77113999494?4","%B5039905628783030=7506189198?6","05/11/24"
"CcU-3148","245","FI6261403224677114","3733 238351 51810","2326","333","%B3850894620577086^LgcvdbzRtlitx^1111781657?5","%B7764681783461623=27121409691?9","09/28/21"
"CcU-3155","244","AD2777204763277722050982","4532263578421","3015","779","%B3064783482720541^DfnufmsBsqnbl^1211335810?2","%B2405777428231362=70034329610?7","01/12/22"
"CcU-3162","243","HU56074054826233730628233311","455666 645685 4443","5898","603","%B5498898698181167^CccnoobIzefpf^4803809435?3","%B1576755550592858=82019964?3","05/18/20"
"CcU-3169","242","AT658218806585843788","5396 2876 7721 4764","6102","420","%B2095731937263340^JqaoaeoWwjksf^7512910582?1","%B5846971757782788=63068377?7","06/25/24"
"CcU-3176","241","LV84DASY1039958872222","448538 587842 4778","4457","707","%B3465683739461216^RsaykcsTilvoy^3810405405?4","%B3564884486261123=98107061?1","03/04/22"
"CcU-3183","240","GE90157928843338134463","516318 373677 5641","6198","327","%B4574614077652221^AmbjrxwNmvepq^5009969935?5","%B6484301514841592=50121627?6","10/01/21"
"CcU-3190","239","CZ8102824126352535629363","4532 563 85 3433","4359","849","%B2774082824266692^EtjzluwVvaecc^66013048?5","%B8128372435316418=0611115983?2","05/07/22"
"CcU-3197","238","GT02497653655330848247645975","402 40071 75272 977","6921","562","%B5826658223264966^TjkaxjbGubeaw^68052983639? ","%B8277321581360179=3502153702? ","05/26/21"
"CcU-3204","237","DK6124134241868111","4716486677272","5714","175","%B1529799845863921^KogvladLylxwa^94092176631?7","%B4534345047865612=76024825?2","10/30/22"
"CcU-3211","236","HR5688747222861164805","556665 6465764236","8013","321","%B3861369456354747^GpqpygjEihkry^07037757? ","%B8219512439498654=6708277213?6","04/04/22"
"CcU-3218","235","GI11ORSG759765522698689","3423 966328 58736","9417","701","%B3457864142704154^RvsutefRhgvqg^5203723360?8","%B8251120257487471=28125082598?2","02/23/21"
"CcU-3225","234","FI9398462343991818","453918 9241769620","1809","732","%B8424323650238236^RpygrngUmdwfl^0502319130?8","%B2711523186311753=01068234?8","12/20/22"
"CcU-3232","233","GE84848451582810541526","5188 1243 7228 3277","2896","688","%B8505646511661282^GysvzejEqqjxl^58075922?2","%B4361892351770433=24028398?7","10/10/20"
"CcU-3239","232","TN9614563570667381893122","375218464485646","9547","702","%B8066214687634615^OehiifhZmcsqs^5204499803?4","%B2338361461828466=46026166825?1","05/29/20"
"CcU-3246","231","RO30GGSJ3530721590487098","516153 4426684869","6641","318","%B8433817221137711^UdykspyMufsyy^46085981419?1","%B2383486112828523=12044482?6","08/01/23"
"CcU-3253","230","PL80213758374176596516617081","3774 685179 94338","4304","779","%B4687708115026558^DkveukkHoszsf^71024368914?1","%B2556333784219635=21105444?7","04/30/20"
"CcU-3260","229","CH8995351081824762557","3787 654694 79443","7542","558","%B9337287983253315^PqbutbgWemund^60019317?2","%B8853683935456356=03127071216?1","04/09/21"
"CcU-3267","228","LU382234224147521315","516836 8543385453","8444","501","%B8774686585611611^WbmlitqBvhmto^5608770864?6","%B7582518437494766=90048221745?8","03/06/22"
"CcU-3274","227","RO05EDYS9588970569818260","5191242916828483","6963","355","%B3522384022610138^MyqgzopPnrsau^9802135283?4","%B7651868374185594=7806435566?8","06/30/21"
"CcU-3281","226","MU4132333444534342541344788855","453 96588 74883 221","9664","388","%B1579779380524750^YrfxkreIbpegx^5803270775?8","%B5132218188809446=44129237702?2","09/21/23"
"CcU-3288","225","GB58VMFR53393445767055","347669879358478","5235","957","%B7202757458756504^DhvgecbTvvtso^92047755?3","%B4971035880886883=5708373469?6","06/20/21"
"CcU-3295","224","LT095387880608439682","5218 2833 5642 3285","6016","227","%B6341788671276086^ZmjxqygZobrqo^2008143932?5","%B8751185716171531=26053623135?1","03/24/21"
"CcU-3302","223","MC4224211849356240064776625","5363 8827 4698 5185","6691","847","%B6548673154494666^BgkkawfKsvexl^5809306720?6","%B2327973732357702=72114995?2","06/10/21"
"CcU-3309","222","CR2081908447841410311","371268842998970","7452","540","%B7231652502251767^VvpweycXufrxo^02083787810? ","%B2461429062997963=57119299088?9","04/21/20"
"CcU-3316","221","NO4885859734737","5223 3547 5234 2529","9892","480","%B8896417102936757^VnhdflwPuoxua^7410377172?8","%B7483379369384859=60052084385?3","12/01/20"
"CcU-3323","220","BG05UBIX63820348156559","4716 5927 4626 2576","8319","860","%B3897618670151179^UreeswmSufikr^7710979677?6","%B6533767855669965=2004196305? ","01/18/24"
"CcU-3330","219","MK71456225556982848","3426 166473 78887","1254","631","%B3831787816377204^TynvkbmEhbogz^0505772993?4","%B2738299479832127=59092915?3","10/18/21"
"CcU-3337","218","DK0489809027732315","5526 8745 4379 5697","1497","842","%B9867441747275294^VgvubnbHdxpxn^0112366929?9","%B2240218651342312=01078046?4","04/29/24"
"CcU-3344","217","EE262462329276252488","558282 528672 3529","5776","864","%B7482617783480901^HjkomixEfrfyq^9704709327?3","%B4824901639680953=7511520396?3","05/15/24"
"CcU-3351","216","PS818747844912473654321393528","374884327643662","6695","251","%B5872335421667273^HxznpudLobqih^0205518983?1","%B4278447342422748=26073285?8","07/31/24"
"CcU-3358","215","RO76DAFO6583348580208155","527947 395589 2842","8149","818","%B6752339510216910^KnxwfcuPxowjl^9711383788?6","%B4753865135037426=13101461415?2","12/05/23"
"CcU-3365","214","SE0386176836596558347004","379272817627343","8133","544","%B9297376116274411^UmvggnlRipqwf^41041175885?6","%B7379790218638467=8602981744?5","05/06/20"
"CcU-3372","213","NL51QOLW8088607375","4716272885378349","1687","615","%B5131517728453576^NwpkpbcErsgrr^32087016501?2","%B4188946818145658=3812680141?9","10/29/23"
"CcU-3379","212","PL51252032162591574552438904","552 68987 43664 734","4899","738","%B2060750778248426^SycnbtnHohsil^89045746?8","%B6406417148827878=9404284538?3","05/03/20"
"CcU-3386","211","HR9310391623647587418","375233562287679","7448","433","%B5310605594141993^MmgbtjdSpymcj^98054237964?4","%B5295095558758785=44078786?3","01/25/25"
"CcU-3393","210","VG1468087984174645729577","4338 849 61 6580","7375","763","%B3767361120135239^LnwkewsJxsbje^9106985955? ","%B6692703783112343=3005764544?2","01/23/23"
"CcU-3400","209","IL632507629847612453498","377471145232444","9482","780","%B9365436673032853^MjtmjmwBpzylg^98027724?7","%B3568079786742479=67112998?7","10/22/25"
"CcU-3407","208","TR233433112075745210754794","524567 7675544688","6453","746","%B3201354922172583^FhtqlibOrruhb^8908276846?5","%B2382782968441017=76065781?6","11/03/21"
"CcU-3414","207","ME89166252329582146461","453928 528538 8655","6737","851","%B2678375443746302^VhtwkcxMfonti^0805178323?4","%B9171341445072367=3309528150?2","12/22/23"
"CcU-3421","206","LI4066946571873144363","4556742876247","3060","487","%B6628623057261452^OvhqjbbIabssk^7712834411? ","%B7495731166566787=22027893?7","07/27/20"
"CcU-3428","205","BA599578388415987525","495148 173557 2886","9659","191","%B3123010395841971^SozfyoqLaldxf^03036463422?6","%B2151466644132584=84077337314?5","09/12/20"
"CcU-3435","204","LV78EROL4956681623444","348822148472492","9572","595","%B8114055465458318^NtilrxeRkjrrv^12054495519?4","%B2278848422615381=43089489?2","06/25/21"
"CcU-3442","203","BE95776663878029","453 27768 65882 270","7645","286","%B8327224258632241^UnucpvmFksdks^75072208?1","%B9722585332456618=8511793132?5","04/16/22"
"CcU-3449","202","MT85NLEX14216091545625854698315","376837365486897","5720","934","%B6496488245616756^OottbidNnehpy^5806976390?1","%B6656384177721252=7511444348?5","06/19/22"
"CcU-3456","201","IE54YHLN41108474543511","3748 253331 42587","6168","581","%B6615563584179707^WgjkrevAwbyjn^28044255?3","%B6871516764500852=46103086141?8","01/30/24"
"CcU-3463","200","RS35935488614486812686","4485654846578","7658","260","%B5335456358287213^InmqbbjXvcisj^8103586557?7","%B6362905383324727=08089971811?8","01/23/25"
"CcU-3470","199","IE89IFED86672789753104","346299466774779","7613","275","%B2418740408024788^VsxhfqpPozgav^4004113222?5","%B2593473887677756=28087816?9","02/21/21"
"CcU-3477","198","IE23RKTG51749960265399","4024 007 19 5290","9147","416","%B2867811785182661^QqqkiroGmwkfj^4009877939?6","%B2731317231885858=27037828555?7","03/12/25"
"CcU-3484","197","LB36569561338865502415531197","5429842764757330","5536","285","%B1013933368897398^IqekixeYwdcyc^7202722418?2","%B6058063452682448=62011367085?5","04/23/22"
"CcU-3491","196","AL97314628168855586364314097","372752331656560","6110","183","%B7343119278215380^MhtwzeoZpccnm^8510202367?7","%B3737758760907151=6102867888?3","07/31/20"
"CcU-3498","195","GR7833935468496664868255555","371276755132362","9838","326","%B6724418678698728^LymcfchCcncqr^05107556248?8","%B6789634576656606=8602150829?4","06/06/21"
"CcU-3505","194","SI06256455722871242","5347 8838 5513 8245","8682","179","%B8060241587016262^QzsktwtNpnbyu^56035497?5","%B3858688149813553=71127952? ","05/13/24"
"CcU-3512","193","PT85885256815643142117247","526 14367 47427 870","9702","951","%B8412918170547219^RbctrjfDmjtwg^33109689074?5","%B9418658134253104=10043651996?4","05/02/21"
"CcU-3519","192","MK36979684638543263","511276 848777 3886","7144","284","%B4410350028646272^HgnmzuaQfwnix^02046928?7","%B4768295201841769=66114419796?4","09/23/25"
"CcU-3526","191","DO96743453603772941249085766","513337 2217813834","5933","268","%B5717274367224252^MgzmvnnIyivtf^8608492697?6","%B2733560508671263=02128201? ","08/04/25"
"CcU-3533","190","KW6888412707934027102973846441","443 99226 84354 893","7730","869","%B5364759121062764^UrugmijSuriaq^7109694442?3","%B4167493255237202=44045678?6","09/14/23"
"CcU-3540","189","SI90187218272592688","511 33327 92698 731","8311","443","%B6115717266262828^OpgrlevSiidtq^88096962233?3","%B1651272536934888=2502361836?9","02/04/22"
"CcU-3547","188","SM6828237268917825759365683","491667 268693 3630","5033","568","%B4949624508751515^RfkjinoMebfzs^85065396387?5","%B6805663813448106=8412610599?5","07/30/22"
"CcU-3554","187","NL79TIEC4836352563","557849 466856 6869","7812","912","%B4214517533551376^KcbprpmUsxinf^87025958? ","%B7424524345767412=17078406032?8","05/13/24"
"CcU-3561","186","RS64388401491579277484","375757353392355","8154","222","%B5842671181348268^VwxdyjbMjknxf^6312335165?5","%B1839132511428220=66041111?3","03/01/25"
"CcU-3568","185","MC8600628661601486624435735","4916483397665390","2746","228","%B1747486311567228^QnhgulfTtgpmg^0103715208?5","%B5130165312832337=33124796076?6","11/10/21"
"CcU-3575","184","IT649NCAHI80852756786533231","5171546679238191","4460","169","%B7752627814708621^PwqyoudCysrtd^9010553334?4","%B2172860994256526=3803204229?7","04/03/25"
"CcU-3582","183","IL394364721887868723280","448 57136 53842 361","9315","211","%B3971485758182714^PghazpvWjjbto^90112709575?1","%B6344752904448726=8303931291?8","07/18/22"
"CcU-3589","182","AE640696354928782425103","5547 2595 1345 8648","3357","269","%B4849183164926369^CdaepvoHvimjv^0808483858?9","%B6958369372461821=7308352452?5","10/07/25"
"CcU-3596","181","GL8941840137249247","546793 9179522284","7783","788","%B8737606548474664^AdxtuovOijnmq^19034551292?5","%B7281388186848655=60102118569?9","11/24/25"
"CcU-3603","180","IT166ASABI81164333755123881","376495785724718","3355","862","%B8213382423731002^LokizaxHxtsxm^7601897652?6","%B6496785181978055=5802941418?4","01/16/25"
"CcU-3610","179","AD7964354272148656432616","4556296895569","2949","337","%B4189755808555333^GfqgowuVyplmr^3607937218?4","%B5133227053543391=39088439266?3","07/06/23"
"CcU-3617","178","PK6727433059762436051444","5541642144568453","8587","621","%B2193628536295295^EcdqbklNescgk^23017452387?3","%B9156593850768545=5510551717?4","09/13/23"
"CcU-3624","177","AZ05827355332482137783650782","455626 9762898616","4283","227","%B4578738165421127^KedcsxrIyzyrk^5210562766?4","%B4173433946867178=71071437124?8","07/26/24"
"CcU-3631","176","ME39733337786187494515","341445795282738","5945","575","%B6050588765037496^DyfrecfKsqmff^8004534811?5","%B9615288631322540=87073349?2","03/08/24"
"CcU-3638","175","FO1945990517618388","455677 668771 8786","1256","575","%B6712264633568681^VywxnfmYcvnpt^1405276359?8","%B1413173387957387=6508376502?8","10/15/25"
"CcU-3645","174","PS774972273648295735416650271","345444856288771","3688","415","%B9559712618102636^HzbqvoaHgwgol^73107984263?8","%B3149752822434615=62038713931?5","04/17/20"
"CcU-3652","173","MR6884737183646473275241354","453 98346 22735 456","7566","957","%B4896043756103563^BftbrgyQsulrz^3904289901?5","%B3472893144577105=9912843896?5","09/12/25"
"CcU-3659","172","SI32664633548106291","518373 357275 7826","1706","437","%B2139468361455035^VwepoqiSnzqud^2905815416?7","%B7516498419279851=26041496?1","01/27/24"
"CcU-3666","171","DE35385647561242046858","4556 7844 3557 4824","4798","930","%B3084289588971881^MckkssdAwkroe^4605896361?5","%B3288133931561196=6108898192?9","03/26/20"
"CcU-3673","170","AL36723216264979973318818691","534184 7628924765","6865","733","%B9656202584055171^BsmsfgxVikdmy^98104268?1","%B8946933419657633=50113726642?4","11/05/24"
"CcU-3680","169","MD4799721070815687888150","5426 4337 3314 6889","8556","690","%B4117962041553164^NjcyaeoLqgkbo^1409933936?6","%B8387758556663694=6109552473?5","01/11/23"
"CcU-3687","168","CY85273661157727025863952721","5534 7744 3362 9230","2688","857","%B6281637118852877^DxlisteLgrmjk^89062283?5","%B5443116355223372=57013411855?2","07/19/24"
"CcU-3694","167","MK52333444678878011","542 54285 91467 261","3204","490","%B2320002452106841^VxslvyeBtmhkq^9007161657?4","%B8435353358092199=7703933141?4","09/23/21"
"CcU-3701","166","CY04215371490518737133975175","5151 8299 6379 6361","7846","835","%B3851622643488683^FtioeebHwepkf^3003345713?1","%B6780236148500848=14095889?1","07/20/24"
"CcU-3708","165","PL39534423485707927512822536","5383428743855876","2311","277","%B6717222004873756^XkbhkjvNqjvdg^7906490839?1","%B4047278992744437=6405339190?5","06/15/20"
"CcU-3715","164","IS389474813577187701272239","4532 634 73 5833","7294","780","%B8655738813648518^CwdmhvuDndwiu^0912165577?6","%B4892317536668636=6608862226?6","06/14/24"
"CcU-3722","163","SI50942306532997569","4716688698622567","3785","295","%B8240864719714747^DjsswrrGrclxw^26097535?8","%B5332824474511706=4711722924?4","08/10/24"
"CcU-3729","162","MD5723087436783068347555","402400 7128955884","8571","350","%B3815801168979956^YxcuneyQevnky^09037174106?7","%B8335388713237439=13071353776?4","03/02/25"
"CcU-3736","161","LT273037680127756677","521 84328 88538 272","9593","777","%B9567173472771212^GdnoamlPldvfy^84036837?6","%B6340536258078673=0811944484?1","02/06/23"
"CcU-3743","160","BA542358041365401657","345537652543545","9314","656","%B5526048787874257^PweoiqtSjfduy^0810634126?9","%B9415736377671711=14118904338?5","06/11/22"
"CcU-3750","159","CY80138698304356192781019706","5175965455218886","5633","429","%B8767722776433754^DpiurdiLiksun^1110849271?1","%B4603709725882339=0103319153?4","11/29/22"
"CcU-3757","158","HU63856737363800384694160203","491666 857248 5677","8557","789","%B5548438293545354^DtdstxbOjmvab^55095887?3","%B2546136462036384=2206743676?2","08/20/22"
"CcU-3764","157","DO83239184883525656124257488","535 23847 59612 247","6546","194","%B7633657814281284^GcmskueBnlmel^39021828? ","%B6313986872548687=5006703616?4","01/18/22"
"CcU-3771","156","CH6157615368246495325","493513 2859765811","6253","637","%B2313343826317820^EjqypalMnsdvo^56038977923?3","%B4414512857098263=0502269944?5","10/13/21"
"CcU-3778","155","SE7813107767427189556484","343488771836851","9170","487","%B7128525682511621^ZdneyeuYuginh^35045641459?6","%B2258031125695063=28052276835?9","04/17/24"
"CcU-3785","154","ME38421331246858744050","5112727325633686","1755","987","%B8479681549428866^AumjvtaSjzpuh^25054676402?9","%B1076421423347997=49047296?6","08/13/25"
"CcU-3792","153","PS186411068892851253263377041","343236737828888","4715","132","%B4378188474084736^LucjlqaMqkibj^75024456? ","%B5143887777796148=2107774402?3","09/10/22"
"CcU-3799","152","GI33VVRE012659621685934","4712967296877185","3394","153","%B2678356552582874^ZbuuenjReruxl^8309327357?4","%B1697626756337970=86013038?6","04/19/23"
"CcU-3806","151","MC0538772116622833532447367","4024007167557377","1657","873","%B7887612785711165^KyrfgjzNciwsr^5102168230? ","%B6048032751732838=1206970897?6","10/11/24"
"CcU-3813","150","MU1854487516225689318914472171","3721 543253 57141","3666","459","%B4707942223385736^VznjucjEixjpd^27039352?3","%B6894893274477547=09021428158?8","05/18/20"
"CcU-3820","149","AZ58645632361051026278861261","5237 8846 5276 4657","6211","176","%B7644468246343428^FvvticpPasvwc^2211572303?8","%B2338072594269332=5607449316?2","09/05/22"
"CcU-3827","148","GB30AMTO46195520479336","491628 4555196727","3455","253","%B5272985556170790^CrxcdjjJpfvmr^32094845?7","%B4898288355167616=43095066737?4","07/28/25"
"CcU-3834","147","GR7588113679484663257728388","4929753568393","6319","737","%B5068654544389264^NkkscynFxumen^96097359455?3","%B1891816163951777=94108414281?9","04/19/25"
"CcU-3841","146","KW8958881954473634154801236186","4716767637524","8884","391","%B2412361508483629^YwaxufdFgubqo^18065835323?1","%B2525772504887442=81109611546?7","09/03/23"
"CcU-3848","145","SI35069513568830361","3724 884241 65462","8885","530","%B8853600681628785^WldradjQibucx^6012510820?2","%B7968147213394861=75092083311?2","08/02/25"
"CcU-3855","144","PK3716865643513618989515","402400 7173189785","8304","626","%B2684766320740833^EytquhlLklwgr^5406254664?4","%B9775671628132628=10087412462?7","03/27/24"
"CcU-3862","143","SM6022751049715477062682363","4024 007 11 4630","5069","794","%B2445625547822856^OcogchsYhxfsb^2611412670?3","%B6571122973213534=1907134862?3","04/18/23"
"CcU-3869","142","DE85364581402287146253","448 56527 58385 670","6328","278","%B8493677573564285^VmuwpwnXyhfgg^0801213720?3","%B8050020023698373=15074506?4","11/21/21"
"CcU-3876","141","CR2918135947128138635","547 25687 75283 521","4059","874","%B5448991898865323^XgekriiIvnumw^04021434?4","%B5692267516525260=74024999418?5","04/28/22"
"CcU-3883","140","SA4355324713311241428302","5293346436977121","5182","127","%B6827751712556348^DbxpuuqWlpfyl^79089448?4","%B6815328112443728=8101694641?7","10/12/21"
"CcU-3890","139","IT983UMRNI21173872518496787","3459 722445 78883","3581","181","%B7652925735402708^DkiwkgtFcjxjf^7511933152?3","%B2718253234514686=3006838762?4","12/28/21"
"CcU-3897","138","BG55VBGF72807401414894","553364 973385 8484","5510","320","%B1159256887773381^GxtcfboPmmnnv^71043466?6","%B6743763342447290=66059125?7","11/14/21"
"CcU-3904","137","FI7847379817377733","3448 483212 86718","5432","242","%B6312218017823727^LujsmntWlmbgi^3504903777?7","%B5993373308753874=51064707144?8","10/31/20"
"CcU-3911","136","GE79113073098939546812","378578567864345","5551","365","%B3310560832827671^YqkcnzoOjcpkh^09036001276?3","%B4458623587123013=67072489?6","10/27/25"
"CcU-3918","135","NO4414757761220","5567675343638684","5616","230","%B8075164763517864^XtqntcqWwgdtn^99114534?1","%B7836573341392606=18091736?4","01/16/24"
"CcU-3925","134","NL40SLES4851032267","448 56746 54875 257","6038","485","%B2502049982462232^BukkcjnPpbwmi^00059715?8","%B7651786285643734=69093465100?7","03/18/20"
"CcU-3932","133","GB70LNPJ38342285277448","546 77862 58793 264","6111","868","%B1111862411881777^RtcgdigPxmcvf^9805422340?1","%B8849325663152186=9005309997?6","12/27/20"
"CcU-3939","132","KZ104499180575629164","549 36446 86553 362","1498","726","%B2382322888822610^KstwntfMzktlj^6905403369?5","%B8725834557374858=6603424592?4","08/10/20"
"CcU-3946","131","HR1647261369237564166","4532 5355 8673 7332","9541","201","%B4323851741186260^WaylzsyDjlcoe^8602462247? ","%B6385642315733182=0102770390?7","04/29/22"
"CcU-3953","130","MC4255568304773564515252430","4556 5568 8483 8623","5511","662","%B8247965803812207^KcjdoscIidmba^12056994926?1","%B7853433393518519=0308640708?5","11/02/23"
"CcU-3960","129","LT053237077744561475","4485 6453 7433 6648","9507","802","%B5559114675582584^GwfdsctEpbiss^3409594609?5","%B4262139945851884=52012513151?9","04/02/21"
"CcU-3967","128","LV15RGGE2148331556435","4627729464768","8446","662","%B5673113006053847^UwlegsgPjtopz^9505505707?7","%B2666673634590047=24043272313?7","11/07/24"
"CcU-3974","127","MU8635574885638983527718572267","512786 265851 7231","7779","355","%B7689111768823554^VvghcmjPwxtfm^80052273132?2","%B8606893327800320=7204606125?9","06/04/21"
"CcU-3981","126","BH86814579285516920703","4916227354254973","8688","228","%B4448311601659268^XbitpobXvqyko^2407181850?1","%B7395689191756897=6510610406?5","10/20/20"
"CcU-3988","125","MC8666247646629382420868611","529354 796597 4583","5062","646","%B8483713604008747^WbdncxyPmgwlk^5107175126?1","%B6784481367234043=33026953?6","02/21/23"
"CcU-3995","124","LI7464428182413219443","543 68966 74594 655","7719","542","%B3278354168561734^XynosbkAoated^49035542618?8","%B8729241646751198=3312379175?5","04/07/24"
"CcU-4002","123","CR3934465639573721674","345886217197283","3898","227","%B9637673628172854^HtkbazsSwudny^90016432340?6","%B7232699387346022=39118727?2","12/10/25"
"CcU-4009","122","SK9446370242474562577506","547689 878486 9655","4268","820","%B1163507051857888^AtlkbudUzhydw^4004656990?5","%B8845110293750447=8810832181?6","09/30/21"
"CcU-4016","121","MC9813918248828136126478487","5587 6912 1246 7242","5703","258","%B4731888416848536^DxmtjtsSjkxsq^5406500622?6","%B4628786898167185=94088204101?1","07/06/25"
"CcU-4023","120","CY51592581594123621273159544","455644 7854383438","5475","149","%B9232428889144365^JtblsecEfjvtn^17051666?6","%B2403861357028164=81015253842?6","08/19/24"
"CcU-4030","119","HU51520639954884197894644059","526462 632862 7750","2679","665","%B4536836573670010^RrmiibkNguclx^4412347940?2","%B2937163373212685=0209575469?5","08/22/25"
"CcU-4037","118","BH81656454545158343182","4539772524226","9334","902","%B3220956364419700^QtwlsghDqlotj^8905246183?4","%B8442191012396745=73098244?7","02/08/25"
"CcU-4044","117","AL65255766650838829611407660","556686 371762 7423","4161","279","%B2798061854541137^IkeyqfpFeglch^5702954919?4","%B5875186348486686=9806405883?3","08/16/24"
"CcU-4051","116","BA894455712898153048","4539 643 69 6583","5626","578","%B2740721858521348^TtweumlElwsgb^9808904564?7","%B3124944814775761=34035321677?9","07/17/25"
"CcU-4058","115","KZ376412202733109847","533842 4553898680","8620","218","%B6537538165446365^WmstlvhXpcbrq^6904289685?7","%B3132485804383192=2509250492?3","09/16/23"
"CcU-4065","114","TR526417795869815094868511","453 28425 45663 249","7800","738","%B3546276261682571^EhatnqvQlnhvz^58055402112?8","%B9142948828992156=7509692570?4","08/08/20"
"CcU-4072","113","AZ86457622571455018178415526","526 82288 83662 623","4558","376","%B9818891126178798^UtqcpcsHdklox^5506600472?4","%B2882827703403325=5103298452?5","12/03/20"
"CcU-4079","112","AZ03248993733987407386489271","543 59449 45541 757","1833","741","%B2650507836471136^QoknaduLbiyxl^89017753?8","%B9546245466947246=65044537770?3","05/11/23"
"CcU-4086","111","LI6539309407187397889","453227 751157 4585","9440","291","%B7545355254165374^JdzdebqPrtoyt^9508792387?7","%B4139806809435815=1306973232?7","07/25/21"
"CcU-4093","110","GI98IMNL122444875373267","3427 813242 45583","4688","893","%B3238857223373653^HuflqyjFkwesc^0610725552?6","%B8767277534971742=76031389800?6","02/13/26"
"CcU-4100","109","VG8474593807739539750089","3728 223277 76753","3676","571","%B5527511153146692^NyhrhehNpxcte^75106639404?5","%B8332523745408812=2708116430?3","08/19/23"
"CcU-4107","108","MR9288383624277251666064411","3484 346723 58533","5757","946","%B3022545666562312^TkrrpivSpmxva^81084236?9","%B2342642389462101=7311119702?7","07/27/22"
"CcU-4114","107","MD3307836371789489654645","512331 2837574483","3928","548","%B3953443856442633^QnkkxuhJcksxv^01077622?2","%B1163457990342931=83083765?4","03/23/22"
"CcU-4121","106","LB22136126105935807432371414","348328885683457","1657","311","%B5766837413501194^FulskbjMknbjk^87101905?4","%B1782766327812935=6107375348?3","12/22/20"
"CcU-4128","105","CY94263537405015481188625576","531 84477 67369 689","9543","493","%B1137461485350515^XwzkjucStcnhh^7906382933? ","%B3168257771814865=7308836410?4","06/23/20"
"CcU-4135","104","MK28368851538688349","342656568883952","7949","702","%B4253574111215564^BicekgfAosulo^3011433157?4","%B1385722467458118=11091701?6","10/18/24"
"CcU-4142","103","KW7436055642163756700128861858","373527374237224","9253","997","%B7708767525077352^KqmoyyqYnwjwe^56127421?8","%B5937062110228451=71014336?7","08/03/21"
"CcU-4149","102","AZ62859332370341166187843859","4539936624499831","5459","477","%B3283292261363021^XrivrqxKmuerd^90039597?6","%B6285782227347801=6512516975? ","05/25/20"
"CcU-4156","101","ES3457328958327932668290","471688 264545 8288","6064","990","%B2251761666435859^SuhjmwxOxmxog^08045074620?5","%B9147287223341758=4108692863?4","03/10/25"
"CcU-4163","100","SE7951484302898821300669","4556 776 96 5734","7098","953","%B8157441949696177^WgtetroNyctim^3511351446?6","%B6742379644653824=1808987969?7","01/11/21"
"CcU-4170","99","FO8241513854141125","3487 517469 44737","3568","805","%B4977764256135850^XscfwvnIxgxyf^7510650330?6","%B3727668581213605=58059132?6","12/07/23"
"CcU-4177","98","CH9552373968796160224","373956257411822","9267","304","%B2345165269524308^QetxifxQvgyrv^53067963?7","%B7880848469681777=06043431?1","09/12/23"
"CcU-4184","97","DK5765675670768547","3757 268529 84889","3305","348","%B4838246660131885^WgnnwobYrjpie^7909261331?8","%B6574125442743756=01081485997?5","10/08/21"
"CcU-4191","96","DO68192976973138848171352176","4633651727248","9911","640","%B6987988216811704^BpyjgbpDtoecr^08064827?2","%B4656138393178448=48024474?3","02/21/23"
"CcU-4198","95","MK54903280718335118","471 69767 74983 544","7564","787","%B2158691923532611^FrpfdqrUjdxgu^7003308578?3","%B8618056896371474=22095802433? ","09/21/23"
"CcU-4205","94","LB64655537777363327873049938","537441 4887327535","1907","466","%B4532217414447203^HjoieflVconyy^6904519837?1","%B1773600326367533=74059974144?6","06/19/23"
"CcU-4212","93","GB72JSWX57159548109499","517964 861324 5258","9992","951","%B8671117375982580^OcuiysqSshhob^96032758?6","%B9343195233862163=9608809183?8","08/14/22"
"CcU-4219","92","MD1234119525145401270486","4916521244969","6190","374","%B8552907120277656^XronyxkDqojpp^1501220300?3","%B2992337113376927=16088917021?5","09/15/25"
"CcU-4226","91","CR7348306166727297113","492924 3966325775","3580","659","%B3931076457916566^SxgmystUyukyc^4208351929?7","%B6308236456246332=6008746904?6","04/13/20"
"CcU-4233","90","GI10TNGB218311472843723","349284173298327","7910","380","%B8133538912701851^JofkbflSuermf^32055207?9","%B2211149249773016=65108706?8","12/03/23"
"CcU-4240","89","HU14165000028522870444423128","343482733331820","4428","165","%B4887316434666823^TfffpnsGxwlbd^62029898271?7","%B7403334583355778=82024338842?9","06/08/22"
"CcU-4247","88","PS043351233971437175221697418","5122584253556449","2803","451","%B3621727717238756^VlpxfduQvcvgc^7203933807?2","%B5151369827776581=5304713662?1","09/02/20"
"CcU-4254","87","LI8940154197432678354","542585 4594298827","3535","150","%B5868706813128165^TejujqgLcqsst^9909559160?6","%B5566455351834699=1609296633?7","10/04/25"
"CcU-4261","86","PL22231088720828377785042582","4716 5331 5225 2735","2203","258","%B5740935273627661^HlnkxpcXqcqzm^9403681207?8","%B5763354701833115=41012952?7","11/17/25"
"CcU-4268","85","RO20IQTP8772753836738261","5182647149891853","3855","130","%B5827507612178537^GjtujmsPfclbe^87031641?2","%B5267554940262574=69013213745?4","11/13/23"
"CcU-4275","84","AE491827142302887266369","448 59926 15713 833","6420","468","%B7484582116791157^QtpvtnnMhrybn^7402500495?6","%B4522554235494353=2003462295?2","02/10/21"
"CcU-4282","83","MK25347478559416776","3779 817833 37651","7841","330","%B5084324546067885^FoysyjsDydufq^65084128?1","%B5534688248423461=3104601186?2","08/10/20"
"CcU-4289","82","PS346287549618920817748976574","557488 568223 6518","1424","319","%B7647053137378507^MsdqppkXklhhq^9209434381?9","%B9813481644728016=11077541?2","11/22/21"
"CcU-4296","81","BE54849601852351","3774 962276 33714","4122","443","%B4639056035337698^MeqlgmzCdrdpz^60079416?6","%B4362372588193715=3311493576?2","03/05/21"
"CcU-4303","80","FI1146379728733696","3427 495828 22724","5972","604","%B9481821615481275^NkgcvsnQvhmph^79113125?3","%B3626729469366351=36066995?3","12/14/24"
"CcU-4310","79","ME27022245810759125320","3425 589947 37358","3109","291","%B6759448331367563^QsohtdvNwgich^9407783876?4","%B6314028082541088=4802393901?5","11/16/21"
"CcU-4317","78","HU29174683935743230828356447","491637 9834296569","3842","642","%B4690183144317851^UdeylmvCdzsgr^9003210953?1","%B6742961824137192=6510892589? ","08/20/21"
"CcU-4324","77","CR2934427002645556549","548381 497234 7694","7811","822","%B2940847985366779^MwtmtglZhxfey^7406499364?6","%B2184914896545804=1509738572?2","03/20/24"
"CcU-4331","76","KW9485332754781757886242955643","3785 952493 68487","7606","377","%B3937644942464445^YsbpszlGfefis^04054117616?6","%B4761852332580963=34021897?5","02/07/22"
"CcU-4338","75","NL68INMN2724282872","479 13433 42278 329","4232","865","%B2972234242695317^OcdkpbnEadtqf^9109470265?6","%B9738366765360077=16121797?8","05/06/20"
"CcU-4345","74","AT461138859877579187","3762 911284 78975","5552","514","%B8525148983214623^KalgesaJwqsth^7507215361?8","%B6743114647215258=75049296? ","08/08/24"
"CcU-4352","73","BH23117460873638461245","521 57929 38862 722","7982","282","%B8438539536516848^GehfltcHijkmq^25111136?8","%B2619932929762910=73091712112?6","08/19/25"
"CcU-4359","72","PK1842602717357586645371","5558 8675 3467 2892","6718","224","%B7663852732163643^GxqonvtYpgohh^90127936456?5","%B4545182137752206=73125628?5","01/26/26"
"CcU-4366","71","DO18505288663185557586783345","346585482855422","6375","349","%B8676743439786631^SevbeulLxhqqk^3401237666?1","%B9864694085664765=4906992278?3","09/14/20"
"CcU-4373","70","IL605688171286254823573","491673 846381 7575","7674","321","%B2124646343640132^DbwenmhFubrae^74042937614?3","%B7738977678822066=95087154?8","12/20/23"
"CcU-4380","69","GE63542411265576162132","554456 4937879326","3190","325","%B2364361814568771^VfoponcQkidmd^98046497?4","%B4177489335423933=9808579720?3","03/11/21"
"CcU-4387","68","IT822CNDZI11212029746050255","5224 7471 9335 6850","6810","735","%B8774142060813284^DkmqwyyPusggp^8609977452?8","%B3057283311281724=6012774688?4","09/25/23"
"CcU-4394","67","RO96LPSV6662689287844654","448 53887 88766 825","5960","931","%B6256214242640333^SptmuldSghutm^2706774664?5","%B4656861666365521=20129926926?4","06/04/20"
"CcU-4401","66","TR815222651844952288928043","5488857588723472","7165","913","%B1534557758767505^LewzfpiPvzhmu^72036277?4","%B2818330497204547=5909574795?1","12/12/25"
"CcU-4408","65","BG46XYWB75160439249575","377867313281636","5401","227","%B3827767733242811^UqpqlvsKjhsmu^0809232433?1","%B8268423112987242=85025816?7","03/01/25"
"CcU-4415","64","GR9013439946807535854241144","3748 648746 49239","2145","221","%B2840656282563957^XqmmsxoFqacqb^95077544610?6","%B9368884322546575=27037134739?7","10/26/25"
"CcU-4422","63","DO35657223646222965184075271","3741 529436 82138","2135","781","%B2353789338181375^GdokyxsHghogp^32037647226?6","%B5696299245733541=85052815290? ","11/08/22"
"CcU-4429","62","DK4377684158381786","342834817654827","9690","765","%B4493400554728587^DoopymcUbnvun^8510467359?2","%B6217244547719443=17089667?8","08/14/20"
"CcU-4436","61","SI44273472107613844","3476 295845 56451","8975","606","%B4258622442263584^FcvcgrePhxhrd^7111625844?4","%B7368558289639723=2806772317?8","05/23/20"
"CcU-4443","60","BH44392039643136345028","491 65266 67312 570","2283","141","%B2759365205699185^PrestnmOyhkwu^4908858595?2","%B8464736876528474=39087154437?3","01/14/25"
"CcU-4450","59","CR3961432301707841145","491 63321 35675 379","3978","672","%B3187103836894373^BpwmoliGbykoh^1609408914?3","%B6757546553788090=37053424170?9","11/09/22"
"CcU-4457","58","GE36372634666440824664","3758 893912 84425","1715","931","%B2346156768530141^TdowykbDqlyav^2905453581?3","%B4014044764544113=82036091915?2","05/05/23"
"CcU-4464","57","IT822TKQEI12456688803483461","446157 5546574669","6717","250","%B5840367572873582^AbxzrckIdjdyp^9511446648?6","%B2461466471765558=02099784649?4","08/25/23"
"CcU-4471","56","TN7992220464142447614053","3477 376225 51465","4959","234","%B3269409974626884^GskavulMihhqw^08028292?4","%B2470558752786016=47017055?2","04/26/21"
"CcU-4478","55","SI52116155174087513","5451685219226844","3161","939","%B9453762951691116^AnacgmqVhjhku^48101312?4","%B2671336378147588=24125621?3","01/10/25"
"CcU-4485","54","GB30OKEB42532252608494","3443 989324 57829","6206","963","%B6777498848349615^VjkqhtjJvbqxv^1102519248?4","%B2553542805713742=37043914076?3","09/28/22"
"CcU-4492","53","AE779264810935412319977","5494485246476242","1606","508","%B9235255577195119^NcgoftcUnxgrx^74019701?2","%B8868932357968634=3606794273?5","10/28/23"
"CcU-4499","52","ES0381262481577966178550","527 75588 27196 562","4302","639","%B5135698538571552^EqrblpjWutlan^70128425?8","%B5771522688864233=20119879619?5","10/25/21"
"CcU-4506","51","SE8424235059254817742452","377866463541856","7038","118","%B9773211812701913^RnupfevRwctsg^33079035?4","%B4858131516288535=49066924?6","06/26/23"
"CcU-4513","50","TN3753195693666878144912","532787 5824467386","1146","847","%B4488523265222877^HoprqffYcmtde^61083055049?7","%B4055943798055627=7011892768?3","03/26/22"
"CcU-4520","49","AD5031514560453613215340","4716 7284 4346 4665","9548","556","%B3188501052950243^PkppmpwLbwndf^56083675282?9","%B7973387641834341=5910372985?8","03/08/23"
"CcU-4527","48","AZ50263195887432245221350166","5233822643465574","2635","573","%B8287385340571781^BevlnnuSllewr^26108585?4","%B5129587636786435=0806224275?3","09/07/21"
"CcU-4534","47","GR8589386183211253555707312","374615172136380","3746","956","%B2335679348811832^FexjdeiYumufm^34074878?2","%B2326662194567625=32037108359?8","11/17/24"
"CcU-4541","46","PL76249283566852676343404576","453 97739 96445 724","8963","269","%B9146874356366655^MlovddsHqpytd^12054798246?2","%B3043454348345954=63078644508?2","06/15/20"
"CcU-4548","45","SM8085983832124924136831104","372445517264156","2813","879","%B7828627118554697^RivvfvdSftrlq^5805150611?2","%B3062172681317506=1112649234?1","11/28/22"
"CcU-4555","44","KZ297844259556510615","512549 6577286826","4144","250","%B7588348085311767^JwqeyoyBntnze^84043759475?3","%B4742330214937640=20011621499?7","12/13/22"
"CcU-4562","43","SM7685486170878577324646271","343266869577557","5732","570","%B4164487399836253^EdeuqcoXosvjg^2003601480?3","%B2549416652378182=3809337350?2","06/27/20"
"CcU-4569","42","DK3216331269627227","3744 663534 34891","4318","836","%B7184507915161853^CxwljtmDogbcn^10119919568?4","%B7147525387820862=3105358888?4","03/30/21"
"CcU-4576","41","MT05JWCF58868200575771634583813","4532 573 68 7334","9888","140","%B5747615797051046^TdctfyhKmotij^1706905653?1","%B2663427980148723=60046728?9","04/26/24"
"CcU-4583","40","BA773327919989165734","527 46161 75318 130","3024","563","%B8476010131867577^JnhmghfKuchcl^7305377309?4","%B4566497243417477=4104169944?8","08/17/22"
"CcU-4590","39","AT050596581744321211","3443 187254 34777","1669","147","%B4276625869227617^FxdonqdHiwqku^66124059620?8","%B3139727492060028=93102623628?7","08/19/20"
"CcU-4597","38","AE225185405438011769777","3754 737136 28831","5882","284","%B8325162927157354^PnscvjtCmbvdp^02122107? ","%B4535569051780346=9005726945?1","09/12/22"
"CcU-4604","37","CR5411943287103219088","544734 7842782720","7169","619","%B9758799286251202^AdvmsmgTdiicj^28034197?3","%B5097887830188358=21059757?4","11/01/20"
"CcU-4611","36","AZ02307463194073728570325332","374238243234835","4050","882","%B2201893104284396^AdhikxbEbwejv^18078779977?6","%B5636588295618834=0104912196?9","10/21/22"
"CcU-4618","35","CY40326276160678118750340113","5267481137212858","1606","377","%B8828657314323465^XjmdjtpWflhvx^85045208?9","%B8554316164555419=3512276397?1","03/24/20"
"CcU-4625","34","ES2561868643384424254806","5298 3644 7749 2491","5500","351","%B6658376545441924^PwfhtiiDjgytd^18044779097?1","%B3046665858069468=0010492741?7","02/06/24"
"CcU-4632","33","AT713147536938954289","448 55874 86627 789","7878","763","%B7104016767085744^FuyvvrmVecmfh^1303738906? ","%B6884647647728275=3804623634?1","09/06/20"
"CcU-4639","32","LI8155319586365581720","373693321855284","6606","367","%B9056573361288784^JbrtsfsOdkeic^62065242706?1","%B4361611864093882=6809807423?5","12/03/24"
"CcU-4646","31","CR7237735131501258248","4485 8278 9259 2981","1686","987","%B4539812337700467^TmkqcvfZodgwy^9006637665? ","%B5287310982186573=98037217?6","01/21/25"
"CcU-4653","30","DE45027134377528457318","4716 862 33 7962","3850","916","%B4361244634514336^RoxuploYrlptk^77112033?9","%B5518426241563514=0409429237?2","09/24/25"
"CcU-4660","29","LV89RQUC7474307666821","492948 3588749370","3290","114","%B9145084864476761^GpudkkcDdxfdg^22048431152?7","%B6808334883876450=69088007022?6","07/04/20"
"CcU-4667","28","PT79551618452454886142166","3745 466677 72837","2301","738","%B2182338028548468^ZkodeyjDjuvlq^88071675570?8","%B5411887395854896=24097709?8","08/11/24"
"CcU-4674","27","DO71864273752575855510355726","3437 391826 27572","4022","581","%B7445387416285435^DhpdsepMtxmfd^7011862696?3","%B5853473685126705=69076775809?6","05/23/24"
"CcU-4681","26","GE38261236401561281317","448 57826 38974 722","6486","707","%B4464239986715867^WqudxmhTmmpyr^3409958728?6","%B8411745518864116=7908797861?8","04/13/22"
"CcU-4688","25","IS383255756743611896271082","347635882232257","3159","350","%B4387334195135200^XtjxkevUuebfj^4310620898?3","%B2377266149440523=2308872278?8","01/07/26"
"CcU-4695","24","GT44327784356731801238887639","376558773427717","8297","734","%B5161732511638438^LsdpymuVboenf^0809785276?8","%B2636487003858134=2203577436?7","10/08/23"
"CcU-4702","23","DK7772824378841077","348642676875332","3880","445","%B5294537108705095^QacobchVehfcr^68035066?8","%B8314328586292262=7308427709? ","09/19/22"
"CcU-4709","22","GE45504127369280160124","453233 846716 4597","4796","233","%B6307504368234301^UbdrkphEdzdsw^5911555985?5","%B5746230625815227=59038128?1","11/04/25"
"CcU-4716","21","PL75422719203842155307261926","546684 833417 5543","4252","997","%B1134886718536553^RxtoffmBfsheo^01091865?3","%B8184214222898953=54066769354?1","08/14/25"
"CcU-4723","20","FI8248793454336573","3414 376437 29598","7936","243","%B3808628590171653^XljvtazIstgbb^36069746?1","%B7585847930700765=40064945?7","07/31/20"
"CcU-4730","19","EE541536644818872885","373396765877539","5988","988","%B7256344964264366^FwonynuXxhqne^79113467?2","%B7766755436329855=8412543147?4","03/08/25"
"CcU-4737","18","AT278617748359359721","3426 555216 37521","9048","509","%B6474275681960977^LtefunxBngqkj^0511605128?2","%B3417262078136365=80061172913?6","02/25/22"
"CcU-4744","17","AZ58751886174806034766368322","5256255735951122","6209","606","%B6062718174617606^UfbirjnIdajvd^11045975?4","%B5225313184436348=6311787663?7","10/12/21"
"CcU-4751","16","PK8373046933330403264694","3436 372241 88142","6392","760","%B2781782494382801^SitqnkuGipxgs^19062241746?2","%B4699147227475326=35064445? ","06/19/23"
"CcU-4758","15","GB51GUVH61469185263634","378486693428441","5241","571","%B2558446687136763^TdprmluFllanp^5511477222?5","%B2852157356984972=3605497233?8","07/27/23"
"CcU-4765","14","SA2888713798782221436615","448 51353 39347 393","1667","153","%B2794354072675355^IsvaafeBjukgf^3905761784?7","%B5817571788647481=5503923892?5","02/28/21"
"CcU-4772","13","ME59832015454148127328","455 63485 32288 611","1201","552","%B8429847712626185^XgyktdaBqghji^50042094873?1","%B7561542986052342=16022024?9","09/21/20"
"CcU-4779","12","FI9109231810971761","513 92416 26288 645","8788","131","%B4791103447264101^ItpdwnsPwkhvv^2512313525?4","%B5213223695789136=50017703?7","08/18/23"
"CcU-4786","11","SI51703104173167515","557 97688 75435 755","9002","199","%B6302122225387488^GilibwoHnilso^9811821243?5","%B4973370588330241=7905565576?7","05/15/20"
"CcU-4793","10","HU95215627749276573565556322","471662 767641 7624","7216","848","%B7755121567434815^PfzygoiMkrjql^8602212204?1","%B7412375289135315=3904360375?5","11/09/23"
"CcU-4800","9","SI97824334522161436","5455 7952 5528 3322","3745","886","%B6267823435548784^HrfdddcLhnrap^51114661494?7","%B1811225531223836=1204762463?8","05/23/20"
"CcU-4807","8","LB19298318715580851625676971","4539 4326 8269 4216","8596","626","%B8875994714521289^BdmgotvEiicnz^3602201929?8","%B2436382423563134=4107745914?5","04/07/22"
"CcU-4814","7","MR4845282437847152280636374","374471619343357","8790","124","%B7721393967157957^AdlwfddGdtmcq^41022188?6","%B6168514385624483=94081315?2","12/19/20"
"CcU-4821","6","LT253147505686466784","453987 7873842836","9000","867","%B4662497837622681^PswpvvvQntnth^67027185?3","%B4538665274571178=1909171131?1","07/15/20"
"CcU-4828","5","BG11ILMJ30149367569464","4485252735942","2789","942","%B7763464626517588^KmqoxvwFiovcv^5003339322?4","%B4651147303850314=2105859161?2","09/04/22"
"CcU-4835","4","PT34592171131763200132583","3723 677744 22550","1149","680","%B6221188915952608^EnfmdemGugvnr^58053479562?5","%B8187762874317668=9107919781?6","01/08/24"
"CcU-4842","3","SA2156708581957118818229","3774 636724 83250","4655","750","%B2216216733758821^CsszvisPjqcfh^95081856902?1","%B2517312164209886=54047891?9","11/11/24"
"CcU-4849","2","SE2813123487163628531121","5223363813491514","9992","779","%B8844154447682199^JunfxuiCzhsrj^3805344275?5","%B2623983651705584=0207551226?9","03/21/25"
"CcU-4856","1","TR373872558313545667124286","349528235713651","9086","974","%B4251431580521172^BjkklirXqdide^2001250289?6","%B8171116145537298=7502852926?7","05/19/23"
