"02C6201E-D90A-1859-B4EE-88D2986D3B02","CcU-2938","b-2362","2021-08-28 23:42:24","466.92","0","71, 1, 19","92","81.9185","-12.5276"
"0466A42E-47CF-8D24-FD01-C0B689713128","CcU-4219","b-2302","2021-07-26 07:29:18","49.53","0","47, 97, 43","170","-43.9695","-117.525"
"063FBA79-99EC-66FB-29F7-25726D1764A5","CcU-2987","b-2250","2022-01-06 21:25:27","92.61","0","47, 67, 31, 5","275","-81.2227","-129.05"
"0668296C-CDB9-A883-76BC-2E4C44F8C8AE","CcU-3743","b-2618","2022-01-26 02:07:14","394.18","0","89, 83, 79","265","-34.3593","-100.556"
"06CD9AA5-9B42-D684-DDDD-A5E394FEBA99","CcU-2959","b-2346","2021-10-26 23:00:01","279.93","0","43, 31","92","33.7381","158.298"
"07A46D48-31A3-7E87-65B9-0DA902AD109F","CcU-3225","b-2386","2021-06-28 21:11:42","340.87","1","47, 23","272","38.8342","92.1905"
"09DE92CE-6F27-2BB7-13B5-9385B2B3B8E2","CcU-3071","b-2298","2021-05-11 20:40:06","303.05","1","67, 7","275","71.1706","10.5757"
"0A476ED9-0C13-1962-F87B-D3563924B539","CcU-4359","b-2302","2022-02-26 20:33:54","430.49","0","29, 41, 11","221","-56.4901","114.801"
"0BEB80B7-9D66-1707-CE4B-9DC7E71914B5","CcU-3141","b-2338","2022-03-04 14:54:35","288.81","1","19, 41, 29, 3","272","23.3264","-13.6037"
"0C7C3A33-9947-3BC1-846D-7BE3D0D17598","CcU-3309","b-2434","2021-04-10 20:58:41","103.44","1","89, 31","272","63.3615","-68.6667"
"0CE957A6-CCAA-2B7A-6839-8A4B1B324853","CcU-3435","b-2506","2022-02-02 07:29:36","428.69","1","83, 43, 73, 61","269","-69.3537","-10.26"
"0DD2E608-5C9E-D1B3-4999-B99F43AD735A","CcU-2959","b-2234","2021-04-17 05:30:17","252.47","1","7, 47, 17","275","9.68811","130.282"
"1017AA59-3D5F-7A4C-1992-D151A8D1FA0A","CcU-3701","b-2618","2021-11-01 01:02:11","447.11","0","37, 13","267","4.27645","-101.554"
"1026DA24-8929-31F1-8250-D7BAB05C13D2","CcU-2959","b-2346","2021-12-07 09:30:38","465.31","0","89, 11, 97, 79","92","32.0646","-140.147"
"108B1D1D-5B23-A76C-55EF-C568E49A05DD","CcU-2938","b-2222","2021-07-07 17:43:16","293.57","0","59","275","83.7839","-178.86"
"10A9B07A-810C-76EB-4D15-12C6CC128037","CcU-3155","b-2346","2021-05-16 21:00:28","27.85","1","43, 83","272","-32.0556","-76.7281"
"11ABED97-EA12-1B9A-96F0-A93ACC172179","CcU-3981","b-2362","2021-07-14 20:55:48","157.20","0","29","68","-78.8402","8.76182"
"122DC333-E19F-D629-DCD8-9C54CF1EBB9A","CcU-4366","b-2302","2021-06-09 06:04:14","172.01","0","1, 67, 19","221","29.6372","-166.173"
"133B82CC-DE62-8604-2D11-3DC5449E0A5F","CcU-3407","b-2490","2021-04-02 05:17:46","348.88","1","29","271","62.3246","101.017"
"135267BA-2E7D-957C-C42C-6450A2B3ED54","CcU-4520","b-2302","2021-12-29 20:38:23","17.97","0","11, 71","210","20.6724","14.9732"
"13DCC69F-EA07-E52B-8309-D474C6281E80","CcU-3197","b-2370","2021-06-02 04:10:57","50.09","1","97, 29, 23","272","32.3746","165.016"
"13FBB312-B283-7976-DA47-14DE5986218A","CcU-3365","b-2466","2021-10-30 13:42:44","80.58","1","11, 29, 43, 79","272","20.2369","-117.885"
"1479B3D2-B7BA-C7BB-4CE3-8D7C2DE85ABB","CcU-2994","b-2326","2021-08-09 00:58:07","309.45","0","89, 41, 59","133","66.2672","172.399"
"14CAE5B5-8FB1-3E4A-4C85-0EA4167534F4","CcU-4849","b-2302","2021-12-31 00:29:42","388.04","0","2, 13, 53, 31","189","-53.6202","93.0533"
"1517E8A8-8B44-A7C9-6691-692C27D0DC2C","CcU-3505","b-2546","2021-03-23 01:58:34","259.51","1","83, 43","267","-70.0484","-44.5029"
"152598C2-029D-D684-4B66-91EDF393EBFF","CcU-2994","b-2326","2021-07-05 03:10:00","395.43","0","23, 97","126","-67.0189","-141.672"
"156F3F80-7E7D-65CF-727D-6AE03CEB7520","CcU-2959","b-2346","2021-04-29 07:06:10","404.16","0","5","92","-59.9778","172.731"
"1575F87A-E37B-DADD-554C-A99D8E7162A6","CcU-4163","b-2494","2022-01-14 00:43:18","37.55","0","61, 83, 37","235","64.5745","-79.63"
"158A3ACB-541C-DBCC-65BD-6373CC67BF1C","CcU-4849","b-2302","2022-03-08 05:02:19","240.29","0","13, 41, 89, 71","183","42.5424","-170.347"
"15CC4862-D13E-ED4B-941C-486484AFDFAD","CcU-3239","b-2394","2021-04-22 13:56:42","447.11","0","97, 89","272","-14.0843","7.79937"
"162C7E78-2B6B-7971-A1E4-D2124E732451","CcU-4527","b-2302","2021-04-11 05:59:18","231.26","0","89","210","-69.1381","58.0017"
"167DE938-B1C2-428D-FA3D-96A45CD41B22","CcU-3883","b-2494","2021-03-29 11:04:24","414.36","0","7, 37, 2","255","67.3865","-63.1993"
"1717FD6B-ADAD-7082-A748-9112BE892CCC","CcU-4219","b-2302","2021-12-29 16:18:54","249.91","0","2, 5","172","69.4892","-138.411"
"1742D72D-6EC3-1B42-A1B2-24AA75A6A14B","CcU-4191","b-2346","2021-04-09 15:37:17","297.59","0","17, 11, 83, 67","96","-18.9716","-101.593"
"1753A288-9FC1-52E6-5C39-A1FFB97B0D3A","CcU-4345","b-2302","2021-08-17 05:32:08","497.84","0","1, 13, 89, 31","222","57.9422","-114.729"
"17561134-37A4-E316-2C3C-C5541EDAD761","CcU-2938","b-2362","2021-09-15 05:23:32","371.57","0","53, 2","92","-10.8529","18.0969"
"1788C881-EE67-9BAB-377A-4C78E772160B","CcU-3036","b-2278","2022-01-16 08:19:44","486.83","0","7, 2, 79","275","55.9135","110.555"
"17B43AB2-DD7D-96C4-2C7D-1989F119A1CB","CcU-4814","b-2278","2021-08-28 20:01:52","494.17","0","29, 11","199","5.41804","-6.70932"
"1822A630-4B6E-DABC-2576-6EC107FA15C2","CcU-4849","b-2278","2021-09-16 23:56:49","140.31","0","23, 67, 97","194","-32.3809","-0.822218"
"18528B27-18B8-93DA-9B8C-31635C536DA4","CcU-4191","b-2346","2022-02-15 22:26:43","208.00","0","83, 31","96","-43.6153","-16.3708"
"185C9F2C-67A2-8EC0-0BB6-93789CC59F05","CcU-2938","b-2362","2021-07-25 12:34:59","285.24","0","11, 53","92","9.55928","165.726"
"186F53DE-DE27-B1FE-B82F-15B61CEB7726","CcU-4310","b-2302","2021-12-20 13:13:45","238.16","0","17, 37, 31","225","-72.7448","36.6211"
"18B1AD88-F155-45B7-D2EA-4738407435D6","CcU-3981","b-2362","2021-11-26 20:26:07","268.48","0","7","65","36.2908","-128.821"
"18B2472B-DA8B-36F7-B0F2-7DDA688B73D1","CcU-2938","b-2362","2021-09-24 08:33:44","391.38","0","59, 23","87","-41.7722","98.2897"
"18C4E2DD-1E4C-F35E-2198-C660BD81DC25","CcU-4849","b-2302","2021-09-24 18:55:25","237.04","0","61, 53, 97, 31","177","68.0133","91.4839"
"18CCBA7C-ABC1-813D-FAF3-4BAB97429368","CcU-4219","b-2302","2021-06-21 03:21:34","58.16","0","83, 97, 23, 71","173","51.3881","-156.371"
"18D648AB-7D54-A3E8-2DBA-2D8D2991CA43","CcU-3771","b-2618","2021-11-02 03:08:14","305.02","0","89","263","-67.118","-174.141"
"1998A483-B4CD-FAE6-745C-8F2F2EB77A8E","CcU-2959","b-2362","2021-08-29 10:53:03","372.58","0","31, 67, 47","92","-6.77047","128.679"
"19E1EC3E-2119-1EFD-8AAE-5930D4A4E63F","CcU-4219","b-2302","2021-07-06 21:40:15","29.63","0","83, 11, 5","154","-56.0839","116.987"
"1A1279B1-B393-3EE4-6A2E-6D8F1256A49D","CcU-3148","b-2342","2021-05-02 23:27:58","225.64","1","61, 79, 59","272","61.8109","4.2951"
"1A6CECFB-2E3A-65A3-72D9-2FDB58A1E4BA","CcU-4674","b-2278","2021-07-03 08:35:06","200.04","0","7, 23, 2, 1","209","-55.9323","60.4475"
"1A9B5411-64D8-DEC4-AC74-43E235AAEFC1","CcU-3687","b-2618","2021-08-22 23:51:51","306.96","0","3, 67","267","44.3314","149.168"
"1B117D49-936C-BA6C-E94B-30C3293AA239","CcU-4219","b-2302","2021-05-09 23:56:04","371.35","0","59, 83","163","-75.099","109.034"
"1B521826-5860-5A86-5364-6EB6A5CC21B7","CcU-4226","b-2302","2021-08-14 02:39:50","476.33","0","7","231","-53.4613","49.1484"
"1B636B58-A2E8-7C69-D9C9-C54535DAFD3B","CcU-2994","b-2326","2021-07-06 08:48:46","195.06","0","53","131","70.2543","-13.1336"
"1BC3AC28-04FB-7015-D93A-422C9A68528D","CcU-4632","b-2278","2021-03-21 16:22:42","208.47","0","61, 23","210","-39.921","-149.125"
"1C3B3CC4-B919-7616-6A57-EEBDD7B7B68B","CcU-4415","b-2302","2021-09-27 16:07:34","462.35","0","61, 67, 29","217","81.1737","62.8835"
"1C9EE7A2-EA73-9E54-DAC7-D08632543C68","CcU-4191","b-2346","2021-12-22 17:19:04","395.48","0","2, 5, 73","96","-63.0446","-175.348"
"1D03001C-97EC-77F6-6E7E-8E2CAC237EA4","CcU-2959","b-2346","2021-06-30 15:59:43","32.36","0","13, 53","92","-39.7167","-18.0415"
"1DE927AB-29A8-654F-3372-43971B6844AA","CcU-3659","b-2618","2021-08-05 15:52:25","440.13","0","73, 79, 97, 13","267","79.9467","90.3733"
"1EA2B262-D507-AD14-4374-4D532967113F","CcU-4562","b-2278","2021-08-04 11:21:27","274.15","0","23, 31, 1","210","-45.634","175.562"
"1ED7A10C-3D78-18C5-483D-8FFE72CB8D58","CcU-4716","b-2278","2022-02-13 12:02:43","432.55","0","3, 43","206","37.5168","178.923"
"1FB125A8-0901-63AC-E2B7-349E5974FBAD","CcU-3722","b-2618","2022-02-16 14:33:25","415.11","0","79","267","-44.4339","-82.0844"
"20418DE5-B804-BE9B-BD7A-A95C1BFDBF5C","CcU-2994","b-2326","2022-01-03 15:59:29","479.52","0","89, 13","126","-79.1145","1.51481"
"2075B12D-69AB-7022-57BB-33ED49B72766","CcU-4247","b-2302","2022-02-13 04:07:29","87.44","0","23, 19","229","-9.03682","88.9005"
"2139A647-D965-AA81-3915-55DADA16CD3F","CcU-3127","b-2330","2022-03-07 10:53:46","119.68","0","79, 71","273","9.50453","128.879"
"22C9EC22-45FC-72C8-63CE-5FA99A24E770","CcU-3645","b-2618","2021-06-11 16:08:49","196.71","0","5, 97, 11, 13","267","28.4439","-11.3959"
"232D9E61-96EC-4D47-8191-A815D5EE89FE","CcU-3379","b-2474","2021-09-25 08:40:41","268.89","1","13, 79","272","-28.754","38.5079"
"239B8576-6C0E-137A-C2F6-3180A188A2D3","CcU-2994","b-2326","2021-08-26 06:04:05","43.90","0","89, 53, 41","126","23.6174","137.222"
"23CF8ED3-402C-7C54-59CD-DB505C5CCCCE","CcU-3547","b-2570","2021-05-17 05:33:40","425.64","0","61, 67, 1","267","30.4189","-31.8902"
"241827A6-E87C-6DA3-5AC9-BBCFD42B7D2A","CcU-4849","b-2302","2021-08-04 04:44:35","487.64","0","97, 83, 3","190","-12.1172","-175.322"
"2449E458-D672-3152-B598-FE959AC3AEB6","CcU-3225","b-2386","2021-04-25 23:15:39","245.25","0","23, 71, 41, 5","272","-12.183","-73.7255"
"24EB2B70-3602-FDA8-54D5-9CD7F3CA523C","CcU-3610","b-2606","2021-10-21 01:05:09","46.25","0","2","267","27.6948","-10.7155"
"2585891B-C4C7-075E-358B-B575339E5177","CcU-4450","b-2302","2021-08-24 05:32:36","253.49","0","79, 19, 53","215","32.9171","-40.6059"
"263035AA-8758-E413-8CC4-6D8F81BBF899","CcU-4338","b-2302","2021-06-21 11:23:01","499.23","0","53, 31, 83, 29","223","36.61","83.1953"
"2660D3B8-0B2C-AEBA-A891-95433968CF71","CcU-3981","b-2362","2021-12-01 02:29:51","381.17","0","83, 17, 29, 61","66","38.6937","1.87889"
"267C4A86-7BA7-1C5E-0718-2824983C87DD","CcU-2994","b-2326","2021-10-01 21:08:53","122.63","0","17, 47, 29, 67","126","-17.5259","104.915"
"26D8A738-B651-A620-1EEA-D8E2CD353BEB","CcU-2938","b-2362","2021-05-28 15:21:36","238.99","0","19, 17, 7","92","15.6872","25.2507"
"276AB37B-1B03-234B-1DA0-88FF91175221","CcU-3190","b-2366","2021-11-08 23:39:09","427.71","0","19, 97, 61","272","80.0353","-20.5417"
"2899837A-45A3-D3B1-0D03-8B33B867DF9B","CcU-2959","b-2346","2021-12-11 21:36:59","324.34","0","11, 41, 29","92","-1.55702","-95.718"
"2A37F5B3-11D8-3BA4-6E94-B7407D91942C","CcU-2959","b-2362","2022-01-10 20:31:41","83.19","0","89, 59","92","-81.8177","-65.964"
"2A5A3001-104F-1D1F-7852-5BA801869B6F","CcU-3169","b-2354","2022-02-27 18:35:15","30.76","0","13, 1, 41","272","-67.2525","-142.557"
"2B20375D-A316-8471-E83E-41EC79B7A88D","CcU-3561","b-2578","2021-04-12 14:14:02","43.22","0","73, 89, 3","267","74.1054","-173.81"
"2B928E1C-EC14-A760-0A75-871477649D6A","CcU-2980","b-2246","2021-08-10 08:14:49","383.73","0","59, 13, 23","275","-41.0496","161.685"
"2C7D9B65-2629-CAB1-5010-77BD1A74ADA6","CcU-3050","b-2286","2021-07-08 22:54:31","258.18","0","53","275","-15.6688","-70.1488"
"2C9A4725-4B19-621C-4EE4-AE9E31CFE5B0","CcU-4219","b-2302","2021-08-14 09:23:34","28.95","0","73","149","-46.7357","162.102"
"2EA96879-F291-A5B2-BDC8-EDEAFD054661","CcU-3064","b-2294","2021-08-20 05:48:42","108.20","1","59, 71","275","-76.0786","-8.29851"
"2EBE1D7D-9D97-9E4D-E758-2CDB994497A5","CcU-4191","b-2346","2022-03-14 13:51:53","305.47","0","89, 53, 59","96","4.10875","-60.6688"
"2F3B6AB6-147D-EB0B-FE8D-9A4E2EA9DBD5","CcU-2966","b-2238","2021-10-18 06:12:03","33.81","0","47, 37, 11, 1","275","-43.4811","16.6025"
"2F499B4D-4DC7-B337-010D-8B7471812A80","CcU-3785","b-2618","2021-04-10 15:14:14","363.51","0","1","262","-25.2248","72.2735"
"2F74E99B-9337-7F74-5208-5DEC81A174FD","CcU-3750","b-2618","2021-06-04 16:40:30","475.06","0","17, 47, 1, 43","265","75.0042","-64.1653"
"310B8BF9-A441-1470-EDEF-417B7EF2B169","CcU-2959","b-2346","2021-04-04 11:53:52","406.13","0","3, 31, 97, 5","92","7.53465","-136.923"
"3142C93E-B3B7-49E4-EE2D-29CA834B198D","CcU-2994","b-2326","2021-04-06 17:24:44","91.59","0","29, 43","126","-67.8476","-119.978"
"32A9BDCA-1390-2BE1-82C8-AD514E38A203","CcU-4191","b-2346","2021-10-18 11:16:27","483.96","0","67, 2","96","84.3247","-89.4331"
"331A8A52-52D4-D323-0388-1A97C982E441","CcU-3372","b-2470","2021-08-12 14:31:26","144.26","1","1, 19, 5","272","23.1461","11.1918"
"33525F74-4864-C19F-7D23-A8D78668B7C4","CcU-4492","b-2302","2021-12-15 12:22:03","423.71","0","29","212","10.3105","13.9999"
"34368DE0-D181-1B5C-6698-8DF585C06421","CcU-4219","b-2302","2021-07-05 10:54:54","86.69","0","61, 11","153","-8.20452","89.9882"
"3461A2B4-8BEE-3797-ACA4-1DA3E64AC243","CcU-4191","b-2346","2021-05-10 06:35:13","324.91","0","79, 5","96","-82.3626","123.029"
"34AA1D64-2989-DE1C-8705-C66C8DDB19DD","CcU-4219","b-2302","2022-03-02 05:30:41","275.45","0","13, 97, 37","166","-17.0772","-169.006"
"3578688E-7B1D-B887-3BC7-20B8673AA31E","CcU-2994","b-2326","2021-07-26 22:59:24","303.60","0","41, 13, 2","126","87.0665","-22.7339"
"357BB633-3C33-A9D3-B8CD-9DDE75951893","CcU-3337","b-2450","2021-09-16 16:06:40","399.12","1","53, 7, 97","272","71.0722","-169.918"
"35DE2442-5AEB-9C73-E8DE-BC31DEA8C4DE","CcU-3043","b-2282","2022-02-12 11:00:08","116.74","1","2, 1, 71","275","57.9247","145.293"
"35F284A2-5028-6DB8-A631-78B7981716C2","CcU-4849","b-2278","2022-01-10 19:27:25","167.36","0","37, 67, 31","192","-41.6613","-178.036"
"360C7814-F7AF-B43A-0946-AB38D2683C86","CcU-2994","b-2326","2021-08-21 10:19:58","494.82","0","7, 19, 79","116","-7.93005","-79.0733"
"369213C7-BD65-0715-6644-D5E4F9BD9914","CcU-4219","b-2302","2021-12-29 18:54:29","458.66","0","23, 19, 41","147","88.7859","-148.023"
"36AD59C1-944F-C355-8358-B83A446F3272","CcU-2959","b-2346","2021-06-10 01:43:46","492.19","0","5, 67","92","-26.9569","-2.8433"
"36CCD7CD-F90E-2EE9-5B8B-576A04715373","CcU-2959","b-2346","2022-01-16 16:20:55","325.93","0","11","96","32.219","-89.2956"
"370F6D3D-CB63-7335-8B43-15C876E2843B","CcU-3939","b-2494","2021-05-03 02:20:08","236.19","0","11, 23","251","-14.3864","84.5978"
"37C2603F-412A-E0E9-DEB7-BE2982B5CE0D","CcU-3015","b-2266","2022-01-02 16:59:28","51.76","1","13, 31","275","17.7552","-147.16"
"391E1CFD-D653-E45B-A729-F2EB93247B58","CcU-2994","b-2326","2021-10-09 00:50:38","271.27","0","83, 61","118","60.5512","103.904"
"39C889EA-B158-242A-0B79-E28E8B3A2342","CcU-3442","b-2510","2021-06-02 21:07:59","365.95","1","47, 53","268","65.4226","168.005"
"3A3B4A86-14FC-D9B3-164A-21542B509E1D","CcU-4772","b-2278","2021-05-13 22:40:52","360.05","0","19, 73","202","85.5251","116.109"
"3A3E00C1-C191-02EF-AD8E-42C9DA644E4A","CcU-4849","b-2302","2021-11-10 19:14:50","451.66","0","3, 2, 67","175","0.340013","174.033"
"3A4D2D8C-AC59-C2D2-2C36-EAAD62B32B26","CcU-4107","b-2494","2021-04-29 19:14:04","307.79","0","61, 79","239","-12.5159","152.314"
"3AA66E6B-D2C4-CC71-6BF5-889E44A3D8D9","CcU-3127","b-2330","2021-11-09 20:35:14","343.50","1","71, 31, 73, 7","273","-50.8702","-5.0483"
"3B2D4464-1E9E-D3AE-D837-6E14C69B7BC8","CcU-4184","b-2494","2022-02-08 02:37:52","427.96","0","23, 2","234","2.13406","163.502"
"3B37BE91-420F-4361-238A-3C5A42B998F7","CcU-4849","b-2278","2022-03-02 02:21:42","154.94","0","37","191","7.17413","-0.998084"
"3C291BE8-CA7C-39BA-76F8-7CB74937EC98","CcU-3652","b-2618","2021-06-29 14:31:00","468.49","0","31","267","-18.1059","10.8415"
"3C4D7C2A-A402-B941-625A-D64CA53526E8","CcU-2994","b-2326","2021-04-25 19:11:52","441.27","0","23, 17","117","23.1627","-10.381"
"3C612673-2DD7-43C4-87CA-F90DE2E1372E","CcU-3218","b-2382","2021-05-05 14:28:12","477.10","0","41, 37, 3","272","-8.89296","137.203"
"3D4B5BDD-C674-13F6-B132-09D180277BC9","CcU-3631","b-2618","2022-02-01 06:30:48","221.78","0","47, 31, 19","267","-8.46236","88.7757"
"3DBC2D2E-1885-9D8A-3476-61E6865183AE","CcU-3757","b-2618","2021-12-26 21:07:55","143.89","0","83, 29, 31","264","-56.4906","36.2392"
"3DED9D58-D22A-2B11-C662-183011AE51F4","CcU-2959","b-2346","2021-10-15 06:17:50","278.83","0","79, 1","92","69.1051","-170.54"
"3E18E43B-892B-F520-6B38-3A177E27BD19","CcU-4653","b-2278","2021-06-21 18:58:40","267.84","0","59, 43, 13","210","-45.8383","-26.5504"
"3E495EC1-E1C5-26F1-0E3E-2D13EAA2593A","CcU-4282","b-2302","2022-03-03 14:29:15","417.70","0","31, 97, 17, 1","227","-50.5725","-172.508"
"3EB67ADC-B4F1-83C4-93E2-E8469D1A37F6","CcU-3981","b-2362","2021-12-23 20:25:16","33.10","0","37, 89","77","-64.6374","-99.9424"
"3ED634C2-01CA-D6E9-2DBD-24B53A7912F7","CcU-4219","b-2326","2021-03-29 11:38:38","478.54","0","37, 23, 61, 3","137","69.0549","96.5033"
"3FEC4131-9BED-2EA6-1776-82674C80DDBB","CcU-2994","b-2326","2021-07-25 04:59:17","393.42","0","71, 17, 83","126","-7.28469","179.063"
"40EEC58F-C386-1B13-D59A-34216F9694E2","CcU-3176","b-2358","2021-04-24 01:30:10","183.14","1","5","272","-85.3051","169.747"
"414D51E1-B793-49F5-B593-795429B4E258","CcU-3337","b-2450","2021-03-31 01:22:49","50.99","0","7, 67, 23","272","-41.8665","76.3719"
"41932C77-45B5-C786-6B3F-DBB619B2D535","CcU-4219","b-2302","2022-02-12 09:12:05","358.36","0","89","142","-8.37247","-67.8776"
"41A2942C-D6E1-B164-2A45-D7ED17237A3A","CcU-3134","b-2334","2021-11-07 11:38:05","47.15","1","1, 43","272","-44.0412","101.334"
"41C13F08-471E-D475-3E14-760DF3F79B42","CcU-4219","b-2326","2022-01-16 16:48:55","45.63","0","3, 19","138","-51.7289","55.3294"
"41EC591D-808E-D85C-F05F-08BC3DE7A618","CcU-2994","b-2326","2022-01-06 07:47:39","335.54","0","17, 11, 19, 7","126","5.38535","-78.3917"
"4217E857-1D51-5D25-B645-EC24D23C8759","CcU-2994","b-2326","2021-04-23 13:07:58","193.33","0","7, 83, 67, 89","129","65.4733","-20.2735"
"4236493E-3596-5E19-4768-2195A5D17CC0","CcU-3813","b-2618","2021-11-06 13:38:07","432.21","0","71, 67, 13","260","16.5665","-168.959"
"4334349E-CEB0-3D68-A4D4-FEB7718A1ACE","CcU-3092","b-2310","2021-05-03 22:37:23","458.74","0","67","275","-20.4859","150.87"
"439F4F6A-57C7-3A59-6038-AD7133887522","CcU-3449","b-2514","2021-03-18 05:42:48","60.93","0","79, 17","268","-13.9867","-104.268"
"43CDD853-0EC5-439D-8A4E-0D811A4A83BD","CcU-4555","b-2278","2021-12-05 22:40:24","58.28","0","17, 67","210","-56.7251","2.86821"
"442713DA-4BE6-132A-51B8-AC44EA6D5839","CcU-4436","b-2302","2022-01-29 17:12:59","59.67","0","5, 17","216","-22.3294","-22.0184"
"443E9122-55E4-142E-AAF8-C0E7148C38AB","CcU-3638","b-2618","2022-01-12 15:55:25","176.34","0","43","267","-59.0126","22.7392"
"44D0BBB1-975E-86AA-75DA-BDAFED65F368","CcU-4093","b-2362","2021-07-20 08:47:44","133.39","0","29","62","34.5967","161.593"
"44ED47D3-5B2D-2D7C-44C8-8B258DF3773C","CcU-3316","b-2438","2021-04-07 19:18:12","64.15","0","19, 41, 3","272","-66.2683","107.203"
"450ADB51-22CC-B21C-7985-6F34366BE126","CcU-2959","b-2346","2021-04-22 22:03:25","471.98","0","13, 29, 19","92","29.4635","87.2627"
"45119B5D-1D54-E623-3C41-3EE30B21A04D","CcU-3029","b-2274","2022-02-13 16:33:50","33.34","1","59, 61","275","-55.0394","-149.846"
"45CA3E45-6B42-CAC4-7683-EBB69D523B3E","CcU-4219","b-2326","2021-04-29 06:17:02","149.89","0","41, 89","140","85.7055","36.1497"
"467CC274-71A7-51F4-B58A-A77AADD25833","CcU-4016","b-2494","2021-06-23 14:51:00","339.62","0","23, 1, 41","246","-2.37447","-28.7267"
"4832166E-E11C-BBC3-41DB-B8704686B7A3","CcU-3029","b-2274","2022-01-18 16:12:47","416.66","0","41, 83","275","-72.4206","-168.18"
"4915FB62-6A6C-9ACA-E92E-03D94E774161","CcU-3106","b-2318","2022-01-03 20:51:56","376.41","0","97, 43","274","52.3774","-176.638"
"494D615C-793A-2D79-B0D7-872F4F822346","CcU-3624","b-2614","2022-01-23 06:59:03","266.90","0","7, 17, 13","267","-89.2202","-100.276"
"49CD105D-E569-3733-C8C8-3908ED7E1838","CcU-3393","b-2326","2021-12-24 23:43:59","411.81","0","43","108","-47.8783","168.275"
"4A0149B2-B1A1-D766-49A1-86BA9517EA07","CcU-4646","b-2278","2021-07-01 04:29:16","47.53","0","53, 47","210","33.8915","139.211"
"4ABE3D77-BF86-12D3-E1C5-22663D37C199","CcU-3120","b-2326","2021-11-13 04:18:28","38.02","1","23, 97, 79, 53","273","-63.6087","69.6023"
"4B3FF0B5-1547-801E-D5B0-44EDB2F62210","CcU-3043","b-2282","2021-12-04 23:00:20","63.12","0","83","275","48.9973","-50.5498"
"4B517EB7-E52D-6A40-B47D-398B745EE183","CcU-4051","b-2494","2021-08-07 00:44:55","451.94","0","59","243","-0.332824","-95.5849"
"4B74B94B-D123-7C7E-A9CE-7DA26F911F55","CcU-2994","b-2326","2022-02-12 14:27:28","304.43","0","53, 3, 47","128","25.6024","53.4543"
"4C978E50-CBB5-9B56-2BB5-BFE53636C719","CcU-2959","b-2346","2021-07-25 11:39:28","15.90","0","43, 31, 47","96","83.2354","-92.6384"
"4D8E4891-1711-7D30-E4CB-645A8DF59A43","CcU-2994","b-2326","2021-12-26 01:49:19","365.83","0","47, 89, 67, 5","120","5.71915","-155.369"
"4DA5B1CE-E88C-23D1-AE6A-B7589E4FB2D5","CcU-2938","b-2362","2021-03-28 05:01:44","378.86","0","5","82","39.2187","63.5563"
"4E562A2B-99E9-8C82-2340-B6623BC9FE2F","CcU-3120","b-2326","2021-03-23 15:43:37","409.68","0","1, 59","273","-65.8033","158.1"
"4F311D6C-13DC-489A-E153-0E2C9C3C47BA","CcU-3288","b-2422","2021-10-29 05:50:17","411.53","1","53, 47, 71","272","-55.8744","-88.1413"
"500321C3-A747-2C44-8AE5-5BAC73A663D5","CcU-3421","b-2498","2021-06-15 17:59:59","329.18","1","29","270","38.0136","155.527"
"51328349-2536-AB4A-8E97-D2ED2782A7B8","CcU-3778","b-2618","2021-04-21 11:54:06","437.72","0","43","263","-56.0464","94.3283"
"518D6CCF-593A-8932-BE5B-44597DCDDFE9","CcU-3470","b-2526","2021-07-21 03:08:31","325.89","0","79, 11","267","48.0228","171.942"
"51A4866C-484C-5529-8419-B7BBAD4E294D","CcU-3393","b-2346","2021-03-27 10:25:42","447.06","0","5, 23, 37","104","74.8691","-147.034"
"51CEA9A2-56AD-C8C8-EBDB-6AF2B74433F3","CcU-3505","b-2546","2021-12-25 08:01:05","239.36","0","5, 79, 73","267","54.6398","98.5172"
"51DDB2CB-211E-C27A-24C1-239329CA17BF","CcU-3246","b-2398","2021-05-04 08:08:01","481.86","0","47, 41, 23, 7","272","1.40278","-36.9595"
"5218E51C-E258-BFA4-BE23-AF815F66FAF8","CcU-4219","b-2302","2021-09-07 21:38:45","234.52","0","31, 67, 97","157","18.9732","66.3985"
"52B1839C-D594-EB3D-4A72-730B1C8B08F4","CcU-2973","b-2242","2021-07-31 23:03:21","364.61","1","53, 59, 5, 41","275","-55.8151","-139.586"
"53398420-74DC-B969-5566-4A83B0DDD757","CcU-3435","b-2506","2021-04-09 18:28:45","270.62","0","43, 7","269","-11.6928","-139.36"
"5458A436-88C5-7CBD-CEB6-8A4545B12CCA","CcU-4751","b-2278","2022-02-06 11:16:46","273.05","0","1, 29, 23, 13","203","48.1913","-146.147"
"55166D02-D74C-6A63-6C54-8678467649B4","CcU-2938","b-2362","2022-02-24 11:01:42","186.12","0","97, 89, 83","89","-31.517","-168.575"
"55B161FA-A6E4-7783-11A3-ABB8930198E3","CcU-3134","b-2334","2021-06-08 00:12:08","412.48","0","43, 83","272","-47.3147","135.238"
"55B6A583-1E05-6B1F-BE39-36F44786BEFE","CcU-3463","b-2522","2022-03-09 04:15:58","470.03","1","17, 7","267","-34.5017","-6.4337"
"5640D665-31C1-9BE7-A745-AAAED5D53F72","CcU-4142","b-2494","2021-09-03 11:59:55","485.05","0","43, 71","237","-67.617","-100.142"
"598EA316-9623-BDA9-6D24-529A830AD995","CcU-3141","b-2338","2021-11-08 17:41:00","227.44","0","79, 19, 71","272","28.3062","-84.7881"
"59BC588F-9D74-8B8A-A11D-D604A8C086F2","CcU-4352","b-2302","2021-03-25 21:48:18","89.22","0","7","222","61.4687","-29.7214"
"59C85B8E-4CE0-B66B-4B5D-3A557324E6A9","CcU-4765","b-2278","2021-05-03 17:38:54","30.15","0","41, 13, 37, 7","202","-21.4987","148.885"
"5AB20418-79A8-DF6C-D446-BCF5A48CDEDB","CcU-4541","b-2302","2021-08-31 05:44:29","474.70","0","13","210","65.1786","-151.454"
"5B0EEF86-B8A1-EFAA-5EE1-27E7DC8F54A4","CcU-2973","b-2242","2022-01-06 01:44:48","42.82","0","23, 19, 71","275","-64.1136","85.2491"
"5B3327C3-0A6C-EFF1-182A-CD8220923A98","CcU-2959","b-2346","2021-12-28 16:13:14","163.40","0","61","94","-79.5261","88.4186"
"5B56159E-E3E6-2777-BC01-5659C2A69E96","CcU-4191","b-2346","2021-04-08 21:12:21","466.66","0","23, 41, 17","96","-51.2746","-164.539"
"5B60F39F-96CC-8C8D-EA01-E658063A8181","CcU-4233","b-2302","2022-02-28 05:55:03","67.65","0","61, 89, 3","230","-85.0035","-65.4375"
"5BA81852-2D60-169A-805B-E1FA120E9683","CcU-4471","b-2302","2022-03-13 13:37:34","164.32","0","3","213","7.30204","72.5522"
"5BAD8B6D-41B2-E757-6396-88D687C6413A","CcU-3925","b-2494","2022-02-22 19:01:28","420.95","0","17, 41, 19, 43","252","67.1292","-106.537"
"5C3A8A3D-8974-40A6-A8AF-C1F7AA6B7C94","CcU-3519","b-2554","2021-07-23 15:35:14","158.05","1","97, 31","267","15.1828","165.662"
"5CB0C889-D096-D327-ADE7-D111E1E6E2BC","CcU-4198","b-2302","2021-04-17 12:27:01","304.63","0","17, 41, 67","233","-58.1208","137.506"
"5DC8DC6C-24F8-36A6-4A1C-60E444EC331E","CcU-3421","b-2498","2022-02-25 21:35:25","61.37","0","17, 59","270","48.1778","45.2784"
"5E47EB85-1F76-1853-839F-94FCF9A95700","CcU-4807","b-2278","2021-03-25 19:56:52","425.41","0","19, 11, 61","199","-59.3393","15.3333"
"5E6EC264-1D42-EE1D-870A-497C85828A6A","CcU-3666","b-2618","2022-01-31 12:01:11","492.42","0","5, 29","267","66.9037","33.4447"
"5E7BBA02-A5B6-C734-D7B7-241D674254A9","CcU-3176","b-2358","2021-07-07 02:25:17","396.15","0","71, 79, 73, 61","272","-13.0019","-115.791"
"5E948202-34BC-F107-29DC-306A2C491A87","CcU-4478","b-2302","2021-09-11 14:27:14","133.80","0","41, 31","213","78.9252","-137.822"
"5ED6188E-9C6F-3B05-DE49-41543384BDF7","CcU-3981","b-2362","2021-12-27 07:57:55","389.70","0","11","70","-10.6127","-140.128"
"5ED7CB81-3126-AD69-E8D8-ACC187976BBB","CcU-3981","b-2362","2021-12-20 08:05:47","481.75","0","43","74","41.4405","71.0664"
"5F4738BE-B392-A2E2-1E8E-C4A812C6A95C","CcU-2994","b-2326","2022-01-10 05:12:55","253.68","0","97","126","-57.1143","-154.767"
"6118B3E9-D9D1-55D4-1A1B-A58CC63845B6","CcU-3463","b-2522","2021-12-16 12:49:11","414.53","0","19, 71","267","-28.3637","58.1403"
"615195B8-9983-A350-3DC7-A16B5135D68C","CcU-4191","b-2346","2021-07-26 21:18:58","368.94","0","1, 79, 47","96","-20.1242","173.452"
"61EC87A4-CF88-B392-F83B-75E7F2C93537","CcU-3393","b-2326","2021-06-01 20:23:57","346.10","0","89, 53","110","88.4626","85.6351"
"62A399E3-0FDD-2E65-5A95-21D8C59C33DC","CcU-4219","b-2302","2021-05-14 16:10:09","22.92","0","67, 1, 2","156","-61.2863","-4.31831"
"632BBEE9-4725-E15C-7FC4-5B5D7EC5BD29","CcU-3078","b-2302","2021-08-27 22:13:25","203.23","0","89, 3","275","45.8951","-58.707"
"634E63C6-C2D6-EC48-4CCF-6B4A60AAEEB7","CcU-2994","b-2326","2021-09-17 15:02:25","399.71","0","19, 1","125","-77.8923","-167.683"
"636C9DDA-453D-B336-FD2E-89A0E48E1C52","CcU-3603","b-2602","2021-12-09 12:30:42","357.08","0","97, 5","267","-12.1955","-162.361"
"6434A591-C914-3A5A-A9B5-689653768EC8","CcU-4667","b-2278","2021-05-24 15:58:22","125.08","0","67","209","58.5727","-113.854"
"643CF9F8-30EC-537D-2FB9-E5BEAD5717C6","CcU-3267","b-2410","2021-05-17 12:21:08","477.51","0","7","272","87.1071","159.483"
"644264C8-A268-C3C5-5929-958C49CBC926","CcU-2938","b-2362","2021-04-18 11:05:12","34.55","0","43, 1","92","20.9826","25.7996"
"649EF79F-4A7E-BCE8-07EF-243030BE5787","CcU-4618","b-2278","2021-04-18 08:58:58","89.18","0","53, 47","210","-87.8012","18.2675"
"6575E457-EF8B-B50A-AD85-68ED6FE98BE1","CcU-2938","b-2362","2021-10-24 01:29:53","297.16","0","19","92","-79.9882","-45.7529"
"659112E3-A432-EF12-DCEE-947A81E53825","CcU-3253","b-2402","2021-09-21 11:52:55","210.73","1","23, 83","272","-37.9109","-167.873"
"65A7C3AC-FFFC-3495-95B1-52C38507E523","CcU-4443","b-2302","2021-12-08 15:29:30","387.27","0","83, 71, 2","215","-78.2398","-9.2237"
"65DB2765-E85D-2B74-2BDA-A8AEFD248928","CcU-2994","b-2326","2021-12-08 09:25:11","140.67","0","47, 11, 71","126","-19.9162","2.61475"
"65F57592-B32E-1D2E-3466-57D7F1691D0D","CcU-4849","b-2302","2021-06-15 06:26:04","476.75","0","67, 73, 7","178","-48.6612","67.8562"
"65F73281-0AC6-CE48-6667-1C8E66159728","CcU-4422","b-2302","2021-12-05 04:46:31","329.72","0","43, 37, 89, 7","217","-12.1197","-5.92885"
"66179D5C-9B8D-5E13-9249-BDC1A35406FC","CcU-4373","b-2302","2021-09-27 12:50:55","433.66","0","17, 43","220","-7.46835","108.336"
"663844BA-35BA-11C6-FDCD-598E898EEBE8","CcU-4121","b-2494","2021-07-30 08:36:52","143.24","0","2, 3","238","21.9626","160.732"
"66B35B95-C39C-684B-7BCD-CA45E2C7CD4E","CcU-3022","b-2270","2022-01-31 11:33:27","257.04","1","41, 47, 13, 67","275","-82.7326","149.647"
"67692B94-E67F-0D25-59BF-D236BD9B4711","CcU-2959","b-2346","2021-11-02 06:39:20","141.95","0","7, 89","96","63.7591","154.241"
"683334BD-AA2A-0249-B1E8-2FB4CE44E908","CcU-2959","b-2346","2021-07-17 19:30:35","430.20","0","67, 43","92","60.7408","-39.5521"
"693EED6A-CD1A-BC0B-B2C6-3DEE6A90290B","CcU-4037","b-2494","2022-02-26 14:00:57","486.54","0","67","244","54.5162","3.52035"
"69482DC9-4E31-62E0-14AC-05908C632212","CcU-3582","b-2590","2021-12-23 18:01:59","233.45","0","79","267","10.009","-73.6606"
"6964B59E-5B14-4E8E-88B6-D3D9A52E1418","CcU-4030","b-2494","2021-03-26 02:09:01","327.56","0","47, 3, 61","245","62.5661","-24.1795"
"69775872-8509-62C6-FCBC-ECFB6D7D847F","CcU-4611","b-2278","2021-06-23 23:30:01","352.85","0","3, 53, 31","210","53.4862","161.975"
"6987DFDB-C49A-A1C3-7236-4258332C794C","CcU-4849","b-2278","2021-12-20 23:43:02","384.05","0","53, 59, 43","192","2.30033","23.0486"
"69D90229-AD26-43C3-5AAF-8D332D3B3E62","CcU-2959","b-2362","2022-03-16 14:01:36","329.03","0","67, 29","92","4.07537","129.723"
"6A888487-255B-B546-907E-AC033DA2B841","CcU-4072","b-2494","2021-08-16 23:43:15","440.09","0","13, 17, 83","242","-14.4157","97.486"
"6AAA5BDC-C19A-82CC-EF22-70DEE21ACF9E","CcU-4219","b-2302","2021-11-15 20:17:28","399.33","0","2, 11, 67","169","46.5654","172.072"
"6ADF86D5-DD32-BC6F-D157-8C836F5BEF67","CcU-4849","b-2302","2022-03-14 09:23:10","20.33","0","1","190","26.4978","-54.1349"
"6BB61B4B-EBD8-84AD-EED7-882D166A7A1E","CcU-4849","b-2302","2021-03-23 03:02:51","108.51","0","19, 59, 61, 83","184","34.7271","-178.418"
"6CB65FA4-6A8E-0C33-BFB7-2E8E4A775E4B","CcU-4219","b-2302","2021-05-20 11:36:05","257.44","0","71, 11, 97, 1","160","-3.43617","150.019"
"6CD4E674-30C5-7F82-7AE5-D8D48E62A684","CcU-2959","b-2346","2021-06-29 10:41:34","317.41","0","67, 89, 17, 97","93","-72.352","100.92"
"6D2CA59B-C6E7-3938-CA4D-3603D23647A9","CcU-2959","b-2346","2022-02-28 00:10:50","186.94","0","53, 29, 59","92","-36.5586","48.9359"
"6D69D98A-F18A-99BD-BA86-E43C29FC5ECE","CcU-3204","b-2374","2021-05-26 02:33:06","144.33","1","97, 43, 41, 89","272","-52.3724","70.1522"
"6D891688-E9DE-C3CC-6AE0-B171C08A37D7","CcU-4737","b-2278","2021-11-03 03:53:22","384.48","0","61, 89, 37, 47","204","44.8152","-68.08"
"6EECB866-887D-FC95-E094-45DB4943B515","CcU-4849","b-2278","2021-06-22 05:50:31","424.78","0","43, 79, 23","193","-56.4056","108.555"
"70152729-0350-F99C-D057-EF42857AA849","CcU-4660","b-2278","2021-04-03 02:46:06","163.79","0","73, 2","210","52.4175","42.5419"
"70432CEF-BFC6-6827-037C-89013205B2C8","CcU-3302","b-2430","2021-05-11 12:22:18","422.05","1","47, 31, 3, 53","272","-26.5136","-66.3466"
"7122EA62-2DD9-C622-23C1-B8B555EE5B77","CcU-3428","b-2502","2021-11-11 01:06:41","92.25","1","53, 11","269","9.80954","103.942"
"71983A22-79E9-4843-60EB-B935637FFAA4","CcU-3057","b-2290","2022-01-10 13:04:11","155.44","0","7, 3, 17","275","-80.9934","52.5999"
"71CB87BE-F93E-4877-DF6D-1BD3B312ED29","CcU-3393","b-2326","2021-10-21 20:41:56","441.63","0","5, 59","110","-27.1212","-105.573"
"71D61251-11D7-99AE-4465-8E21777B5B91","CcU-4842","b-2278","2021-11-01 20:12:07","174.55","0","59","197","14.7102","30.8801"
"726E5247-EC79-A415-3409-16A666404C6A","CcU-4219","b-2302","2021-11-18 02:30:15","52.97","0","41, 61, 1","146","-13.1299","-155.409"
"72997E96-DC2C-A4D7-7C24-66C302F8AE5A","CcU-2952","b-2230","2022-01-30 15:16:36","239.87","0","97, 41, 3","275","43.3584","-17.658"
"72C62199-C17C-9E1F-8AD7-247B81D6D758","CcU-3869","b-2494","2021-09-10 12:07:57","352.24","0","71, 19, 1, 89","256","-19.5068","57.87"
"73A71CC9-4812-F2BF-4561-3B248FC6E806","CcU-3470","b-2526","2021-06-16 09:58:07","454.76","1","67, 79","267","25.6309","-65.536"
"743280CC-B786-23A5-5E18-15B5E1A9CB01","CcU-3491","b-2538","2021-04-15 00:42:46","169.10","0","67, 41, 13","267","-73.4585","34.2678"
"748C9977-7E2E-A4EC-B272-C686D159D59B","CcU-3183","b-2362","2021-05-05 07:41:12","364.21","1","5, 59","272","44.925","-30.5725"
"74AAB47D-9528-DAF4-D7A8-AC94C74F6997","CcU-4828","b-2278","2021-11-16 22:59:19","163.51","0","97","198","7.96588","-133.56"
"7545D580-8332-0024-92F2-6AB47E5C205E","CcU-3288","b-2422","2021-04-26 02:55:40","70.79","0","47, 2","272","-70.2915","-172.762"
"75685049-7F29-3D74-733E-571854E7C521","CcU-3498","b-2542","2021-06-15 16:38:00","183.84","0","2, 71","267","12.364","-107.169"
"756BC84B-7652-561D-07A6-E6A5612825D3","CcU-4695","b-2278","2021-04-06 17:06:22","183.60","0","5","207","65.2379","41.6177"
"75CCE66C-1C7B-8777-4419-467AD80B77C1","CcU-4849","b-2302","2021-05-13 14:26:17","109.80","0","2","176","-44.1778","-177.764"
"75DB5267-8C65-77D2-26BA-F5F3BD39C874","CcU-4590","b-2278","2021-07-22 18:38:39","237.34","0","19, 79, 97","210","-57.9269","-143.864"
"760EEFBC-3E63-3111-613B-ACC61E1B5136","CcU-3890","b-2494","2021-07-01 20:17:25","121.15","0","61, 7, 17","255","-79.0219","166.249"
"7622460B-29BE-594C-8D14-D73DEAD91B94","CcU-4219","b-2302","2022-02-02 16:10:03","239.14","0","43, 37, 7","162","-58.0789","-100.33"
"770ECE34-EC9D-34AE-8A96-A8E5749AA037","CcU-3484","b-2534","2022-03-01 19:12:42","155.57","0","59, 97, 2, 43","267","22.465","-95.0771"
"77B044E8-522C-7870-18E7-B4458BD7EC90","CcU-3274","b-2414","2021-10-25 00:13:32","389.62","0","61, 47, 29","272","-84.7013","-108.828"
"79AEE4AA-8CFA-14A0-53C5-C2143C2A22E7","CcU-3267","b-2410","2022-01-18 18:07:48","444.91","1","3, 59, 53","272","20.4357","115.733"
"79B621A9-3FAA-41E4-2845-3DE6532C743D","CcU-3071","b-2298","2021-05-09 01:19:22","400.63","0","11, 37, 43","275","60.764","-6.03053"
"79F26AC9-5EEE-1AF1-444A-3A012EDD45EF","CcU-3316","b-2438","2021-06-30 18:07:45","76.95","1","67, 5","272","-28.4269","172.002"
"7A0BCF99-A8ED-A7C7-2828-CD30FDC44297","CcU-3596","b-2598","2022-02-08 11:05:05","92.18","0","17, 61","267","-51.2038","-8.95164"
"7AB09864-E615-84D4-A818-0E6177185C92","CcU-3295","b-2426","2021-04-09 07:53:50","442.32","0","23","272","18.7004","-15.8937"
"7BA8EED9-5129-BC22-1BBC-1E832192D5C4","CcU-3981","b-2362","2022-02-03 18:30:19","159.14","0","41, 61","71","-6.71233","104.275"
"7C90B646-75AD-A3BC-E3D2-6F8F4E935F34","CcU-3001","b-2258","2021-10-13 11:30:20","439.72","1","79","275","-32.1175","9.67781"
"7D0819EC-7363-6767-36C0-97C7E77D5E65","CcU-3393","b-2326","2021-05-09 15:36:26","158.89","0","97, 79, 67","107","-26.2616","26.8733"
"7D2C6E68-5951-C198-A567-75D465E7CDD0","CcU-4191","b-2346","2021-05-20 14:53:18","205.11","0","13, 2, 5","96","-80.3769","62.3218"
"7DC26247-20EC-53FE-E555-B6C2E55CA5D5","CcU-2945","b-2226","2022-02-04 15:52:56","312.50","0","71, 41","275","58.9367","-76.8171"
"7DDED3A7-4845-57C5-8152-30D7376C10DF","CcU-4485","b-2302","2022-01-08 12:33:45","71.47","0","59, 5, 2","212","83.6029","50.0513"
"7E6B501B-AD98-1B8B-E7A2-8659C886DBC4","CcU-3855","b-2494","2021-08-10 23:20:28","22.16","0","73, 59, 3","257","-22.1578","-23.359"
"7E9C9286-F32B-3CA5-68A3-4A841E3A8311","CcU-4191","b-2346","2021-07-21 12:54:21","69.15","0","1, 31, 71, 11","96","57.7668","-31.2555"
"7EB174C8-192F-1A8D-2F7A-EF688EB5B597","CcU-4261","b-2302","2021-08-04 20:30:27","144.75","0","3, 53, 97","228","34.2543","-144.197"
"8028392D-6B8B-C3A3-4E16-E86603AD4204","CcU-2959","b-2362","2021-12-02 11:11:08","409.94","0","31, 43, 37, 61","92","39.5092","138.794"
"802BBC0F-2B3E-0F18-258E-D687B9DDB776","CcU-4429","b-2302","2021-05-18 19:05:30","245.96","0","41, 71","216","-54.577","111.711"
"80776A89-E0D2-A8EA-759B-50427D32BADA","CcU-4191","b-2346","2021-07-09 09:19:16","185.83","0","89","96","2.1217","-29.2615"
"82406B7B-C498-4FF2-517A-F9A9E3BABF41","CcU-4219","b-2302","2021-10-31 10:07:54","260.23","0","1, 2, 7","148","-53.1552","-72.4675"
"833D9E90-4125-CC29-1E8E-647F9F17571A","CcU-3680","b-2618","2021-05-04 09:33:32","295.35","0","3","267","-11.4892","50.064"
"83A1AA60-721D-6CB6-9857-E794C6EACDF8","CcU-4849","b-2302","2021-12-17 00:04:32","235.27","0","29, 79","182","-33.5559","133.405"
"83A757C6-A262-AECA-6AC3-5FBA32AB7329","CcU-2959","b-2362","2021-09-08 22:25:31","212.41","0","89, 13, 19, 43","92","-55.1608","-117.358"
"83E6BA9E-E737-37D0-5385-585F1B8A318B","CcU-2994","b-2326","2021-05-24 22:17:30","170.15","0","89, 1, 53","124","67.1904","117.617"
"841AC1A0-9CA6-2AF7-EBC2-BC9C77C1EBB8","CcU-3001","b-2258","2021-12-20 02:01:10","428.40","0","47","275","-39.6528","88.7919"
"842B6344-B4A2-050D-AA31-9A80432A7E37","CcU-3911","b-2494","2022-01-19 05:25:54","202.94","0","97, 29, 67","253","-29.4618","123.266"
"8432397E-BCE5-EC1D-67E3-E0F92EDB1777","CcU-3309","b-2434","2021-12-14 13:34:42","192.86","0","7, 61, 23, 73","272","-81.1295","-157.77"
"8438C66C-4964-D73D-6839-24F2CDAA5828","CcU-3008","b-2262","2021-03-29 16:15:13","239.75","1","37, 1","275","39.1596","-60.3157"
"84B8ECA6-A786-91C0-C973-8B730565BFA3","CcU-3393","b-2326","2021-12-02 07:12:35","179.18","0","11, 71, 17","110","-7.43343","-77.4374"
"85068503-9D65-6978-D3C4-8E4A8A1B9A3C","CcU-2938","b-2362","2021-04-01 07:27:49","306.94","0","17, 7, 47","85","82.348","-20.5866"
"85362E53-765A-FFD1-585C-18DA6D644B38","CcU-4583","b-2278","2021-05-29 21:47:10","409.04","0","79, 61, 5","210","8.98891","-78.7205"
"85390F4A-9A61-3352-7EE3-ABDA9EDC7C55","CcU-3386","b-2478","2021-08-02 22:13:22","223.67","0","73, 2","272","51.8286","-117.319"
"85C562AB-DC50-8E93-3D86-47B1B751A851","CcU-2994","b-2326","2021-08-27 06:01:20","134.84","0","79, 67","126","-58.3416","176.221"
"8626BAB9-6D87-C136-8E8E-61D3F2FACEA6","CcU-3484","b-2534","2021-07-29 11:04:25","359.70","1","7, 83, 59","267","-41.8894","24.6466"
"8655F767-78E6-733A-37B9-210CC3D1D4A9","CcU-3330","b-2446","2021-07-24 01:23:07","58.95","0","61, 67, 3, 23","272","89.4292","84.3351"
"86AA189F-711F-E754-96B9-EB84B2305782","CcU-4009","b-2494","2021-06-13 05:44:34","131.02","0","3, 37, 61, 73","246","22.1641","-127.251"
"87076D11-12E5-5E88-342E-BEDBF6EB1DED","CcU-4219","b-2302","2021-10-18 06:36:35","109.19","0","41, 71, 17","231","-0.0344537","123.992"
"8719DE73-B4B6-3B52-29CE-15B666A73AF6","CcU-3708","b-2618","2022-02-06 10:37:01","411.70","0","47, 43, 1","267","-57.2434","144.013"
"873581C1-A079-1277-694F-4E735E854AC9","CcU-4849","b-2278","2022-01-24 12:46:20","23.86","0","2, 47, 53, 17","195","-57.3572","97.0859"
"8768FDE2-A231-B916-8644-F7DCD13CAFC2","CcU-2952","b-2230","2021-05-06 05:33:39","460.38","1","31, 71, 1","275","82.4588","141.301"
"8789DBFB-7C15-7855-8EB3-AF865244277E","CcU-3190","b-2366","2021-06-28 06:10:20","266.04","1","37, 7","272","82.5384","-26.2858"
"8796C289-D355-1A10-3CD5-ADF327D4642A","CcU-3351","b-2458","2021-05-09 15:16:17","413.50","0","73, 83, 23","272","-81.8838","95.1292"
"87D22108-C911-AC97-A3BE-B91C1DEEAE79","CcU-2938","b-2362","2021-03-23 01:12:06","415.42","0","23","92","-25.6402","-74.192"
"88A74E4E-D317-3F69-86A2-57849C548E71","CcU-2959","b-2362","2021-12-16 17:20:36","412.56","0","53, 59","92","-6.99851","-38.9381"
"88A92E6E-863C-A9AA-D832-B46BF23597CE","CcU-3981","b-2362","2022-02-14 13:56:12","248.11","0","13, 2, 31","76","71.6826","63.3575"
"89398CE5-8912-EC57-7649-3F5394C7D795","CcU-3932","b-2494","2022-01-07 00:55:12","415.26","0","97","252","86.4238","98.3236"
"89A34935-2145-B045-3ED0-1FFAB39DDA32","CcU-2994","b-2326","2022-01-18 11:08:35","172.74","0","23, 1","135","-21.4545","24.6216"
"8A515ABB-2FED-22CC-CD25-9493530D2EB4","CcU-3834","b-2618","2021-04-28 07:52:09","337.22","0","43, 47, 31","259","-64.4062","67.8773"
"8A5C0729-BEB4-C999-C36A-A3AC7A0C7B8E","CcU-4849","b-2302","2021-09-30 22:52:36","321.39","0","31","180","-66.2794","105.309"
"8BCE9908-6D44-B7DB-D363-D468A2DF3A25","CcU-4093","b-2362","2022-02-16 21:45:08","156.23","0","37, 67, 23, 83","60","-0.195018","22.3898"
"8C5C40B3-3988-EE44-126E-18147A9E62D2","CcU-3393","b-2346","2021-12-22 05:18:10","123.09","0","37, 11, 2, 3","106","-32.7338","-136.163"
"8D5C52B9-42BE-480C-359E-CE36E1916D19","CcU-4849","b-2278","2021-10-17 08:16:53","278.51","0","61, 13, 2","193","8.70605","-112.245"
"8D895ADD-5501-2A9C-24DD-2EAEB7AEF1C5","CcU-3519","b-2554","2021-10-27 19:43:57","181.87","0","61, 43, 1","267","8.58711","-34.6616"
"8EECB926-0A27-9A3A-D0A8-B8FDBC0F8A75","CcU-2994","b-2326","2022-02-23 19:57:53","136.28","0","67, 37","123","65.9665","140.162"
"8EEDAC97-5D5C-8649-B476-2F9D9FC28F80","CcU-2994","b-2326","2021-09-08 22:46:19","54.17","0","59","126","88.7599","38.36"
"8F54691C-221E-BB4E-4954-5373EE2C959E","CcU-2959","b-2346","2021-06-17 20:18:50","441.43","0","13, 43","92","7.74458","13.0864"
"91B2C6CB-7955-2967-F37D-10B69368AD3D","CcU-3211","b-2378","2021-07-11 22:45:51","21.24","1","23","272","-40.7279","-95.139"
"91C71934-D65D-B4A1-0D5E-670A47DAC93C","CcU-3064","b-2294","2022-01-22 22:09:08","179.40","0","79, 47","275","83.6935","114.264"
"9281A912-BC56-8905-9279-FC8BDE2185F6","CcU-3393","b-2326","2021-05-26 17:01:17","341.44","0","7, 19","112","49.4942","-62.5086"
"92DCEDD9-46E7-9792-FA05-9B193E926C8B","CcU-3400","b-2486","2021-09-29 18:11:38","325.69","0","61, 29, 47","271","-87.6272","-120.903"
"935EBFEE-B75C-6C68-4AC3-61351035C549","CcU-2938","b-2362","2021-07-18 08:20:59","20.44","0","79, 61","80","5.33058","-15.6521"
"943113EA-A763-9D81-0594-37159E119857","CcU-3456","b-2518","2021-11-04 16:38:23","439.91","1","89, 17, 67","267","76.2816","135.952"
"95E6F678-3731-28A5-EB21-1A8D2D016BCB","CcU-2959","b-2346","2022-03-04 02:48:32","192.13","0","31","92","16.5773","-123.777"
"9679E769-32DC-2591-B893-B4AA2D84E332","CcU-3169","b-2354","2021-06-28 11:22:10","186.34","1","11, 13","272","47.6643","130.202"
"96EA5722-F3D4-FA2A-AC8C-865A5A72DBB5","CcU-3974","b-2494","2022-02-23 17:34:55","412.86","0","83, 79","249","-40.0514","45.118"
"96EC9CC8-867A-B71B-D61A-934C59DF7514","CcU-2959","b-2346","2021-06-25 23:13:04","391.62","0","67","92","-27.3788","22.825"
"971B44E4-D8B9-4553-163B-E41EB6A0637E","CcU-4191","b-2346","2021-07-18 00:04:44","444.00","0","17, 73, 2, 97","96","69.2839","-117.951"
"97A22779-F07C-91C1-2331-BCBAD44EBA4B","CcU-3085","b-2306","2021-12-02 03:22:01","466.55","1","43, 23, 61, 3","275","43.0794","84.9662"
"981D2677-9924-A1A0-8A23-2AE7E988A7B7","CcU-2994","b-2326","2021-09-05 10:02:00","63.93","0","3, 17","126","-10.5975","50.7339"
"9833DD1C-702C-A8A7-FBA6-ABCA470DF7BE","CcU-3393","b-2326","2022-01-06 22:25:58","472.18","0","79, 97, 17","111","-84.9792","128.766"
"9A58B3E0-1E27-94E2-6487-9A63F07BC833","CcU-4856","b-2278","2021-08-11 02:02:29","380.79","0","17, 97","196","20.2527","-82.4442"
"9A993DCE-716B-D784-9192-285C2A490AE8","CcU-3393","b-2346","2021-08-28 23:40:17","193.64","0","61, 11, 23","105","66.7095","-105.291"
"9AB66BAE-D007-3BD8-C34B-93C854E6715C","CcU-3806","b-2618","2021-12-03 17:30:24","20.93","0","43, 3, 31, 5","261","60.2006","143.282"
"9B487518-5BB7-8169-CD02-3E3992459539","CcU-3414","b-2494","2021-09-20 22:02:17","318.91","0","41","270","53.8689","95.6111"
"9B6B74E4-92EC-1E1B-908B-3C611E43611D","CcU-3344","b-2454","2021-07-15 06:35:10","444.16","0","97, 71, 2","272","23.1262","165.453"
"9B7D1DBC-1A36-4DBA-BB0F-CD7616DE3C4B","CcU-4821","b-2278","2021-06-20 06:31:33","256.10","0","73, 53, 79","198","23.5212","156.499"
"9B9F8626-8BA7-45E2-CE6D-CD16D0ED80E4","CcU-2938","b-2362","2021-07-03 19:56:27","372.23","0","23, 67","92","55.332","16.3458"
"9BC43721-DD11-4539-AA84-D544F911251E","CcU-3897","b-2494","2021-08-02 17:13:09","384.10","0","97, 19","254","-34.8837","81.0349"
"9C11DE85-F985-D119-4664-15D448C5E913","CcU-4786","b-2278","2021-12-13 15:22:11","56.27","0","19, 29, 13","201","3.45052","-128.53"
"9C4B45E7-C159-18E5-DB43-9D6F897775D4","CcU-4240","b-2302","2021-12-21 08:02:37","183.11","0","89, 1, 97","230","-4.95451","6.01612"
"9CB62BC2-FFA6-449F-59E4-379EDA5F29C6","CcU-3211","b-2378","2021-08-08 20:59:10","448.44","0","29, 61, 71, 47","272","-59.3929","65.4922"
"9CEA5069-EEDB-11BB-F8DE-9E8585CA56B8","CcU-4849","b-2302","2021-06-26 15:52:41","308.12","0","73","188","-51.9752","116.584"
"9D38BED9-558B-EF5A-E4B3-C9668587A15B","CcU-2994","b-2326","2021-11-19 20:02:27","178.59","0","67, 2, 47","122","81.8237","76.295"
"9D4AB77C-9F51-FD95-EAB4-A37163E6D3E2","CcU-4506","b-2302","2021-04-29 02:25:49","111.51","0","23","211","-89.129","-103.216"
"9DED76AE-FE36-ACC3-7377-AE98A6D95247","CcU-3904","b-2494","2022-02-13 15:13:38","408.58","0","47, 61, 73","254","70.9876","113.62"
"9E14CE6E-A32B-E693-2D42-F12C6DEB4308","CcU-4219","b-2302","2021-05-20 17:28:37","95.59","0","3","150","-64.6252","-153.829"
"9E97F534-962D-5B43-9AAA-24533FB7EDBD","CcU-4156","b-2494","2021-10-07 23:09:32","126.77","0","19, 3, 31, 23","236","5.87769","7.59378"
"9EE639A3-2836-87C2-207F-AF3941834DB2","CcU-3393","b-2346","2021-08-09 08:17:46","368.83","0","19, 7","100","-77.4477","-1.16971"
"9F698741-2C27-2C18-9CD3-E3C7F9FBE1CB","CcU-2959","b-2362","2021-12-10 17:54:22","84.20","0","29","92","79.1861","-103.33"
"9FBB3D61-D3C2-E5BB-4BC3-6CC83C718D34","CcU-3540","b-2566","2021-04-19 21:33:41","490.19","1","53, 17","267","75.2117","-171.045"
"A02DC5D8-F7C6-EAE3-C038-32488538F6BD","CcU-3393","b-2482","2022-02-19 17:24:18","153.89","1","47, 61","272","9.96665","-108.709"
"A095D2D2-BE1A-6673-3369-5951992C967B","CcU-4569","b-2278","2022-02-05 10:06:54","37.99","0","2, 71, 23, 13","210","75.4757","-160.22"
"A11EE195-49D1-4B36-28B2-47DD1541A2D4","CcU-4191","b-2346","2021-12-22 19:38:07","422.63","0","29, 71, 61","96","38.5326","-77.3226"
"A143CEC3-5F73-4A92-BBEC-48125E1A9C17","CcU-3715","b-2618","2021-08-15 15:02:18","175.13","0","71, 41, 11","267","39.8875","-145.733"
"A14C4361-9AC9-A3E7-7B1B-73BA6A3D23D7","CcU-4387","b-2302","2021-04-11 11:51:48","125.91","0","89, 2, 97, 37","219","35.2215","-66.9265"
"A1701A12-426C-3632-A533-974AD887466A","CcU-4191","b-2346","2021-04-05 07:39:08","384.42","0","83, 19, 29","97","-22.1943","107.476"
"A1AACB02-187B-2BD6-6181-B215A93B1B39","CcU-4065","b-2494","2021-04-21 09:37:50","277.38","0","79, 13, 2","242","-14.0414","179.95"
"A1ABDB2E-4E96-3D0D-2E4C-B19425290943","CcU-3344","b-2454","2022-03-02 19:42:05","443.11","1","53, 1, 67, 73","272","24.7104","163.19"
"A2689A2C-722B-9357-886D-2DDA864E246D","CcU-3533","b-2562","2021-10-31 16:33:30","241.48","0","17, 23, 13, 89","267","81.2377","-56.2814"
"A2CD7827-4C8D-9E71-8549-262833307BF1","CcU-4093","b-2362","2021-05-25 14:06:45","460.82","0","31, 97, 73","61","-4.33876","6.89324"
"A31B0B35-6658-6805-353E-88479B3E4FD7","CcU-4149","b-2494","2021-12-18 01:59:18","292.62","0","79, 1, 61","236","19.2221","151.122"
"A324A47C-7E94-548E-E352-7BD8671E41B3","CcU-3393","b-2326","2021-12-13 12:29:15","109.78","0","7, 3, 2","113","22.2155","38.837"
"A38992C3-9B3D-C35C-3AC8-477132B4904D","CcU-3442","b-2510","2021-07-25 04:37:04","451.29","0","1, 2, 31","268","19.7848","-25.0282"
"A4534186-6CA4-E81C-26E1-896861685ED9","CcU-3393","b-2326","2021-06-06 11:57:32","58.14","0","37, 29","114","-13.0857","-151.407"
"A483C535-9E4F-6D72-D568-B496DAB0DE56","CcU-4849","b-2278","2022-02-18 06:37:15","418.45","0","71, 73","196","32.5816","-44.8112"
"A4848E54-0F7C-7164-6C3F-631F96747C52","CcU-2994","b-2326","2022-01-23 17:40:13","83.87","0","47, 71, 31","126","0.776025","-80.4414"
"A4D0D84F-4622-BB83-E6B6-51E545D4A217","CcU-3533","b-2562","2021-05-14 16:59:27","395.81","1","7, 71, 43, 2","267","-24.6404","-69.877"
"A518C6E6-C671-53D0-FD31-929866A32E35","CcU-3050","b-2286","2021-07-19 07:13:52","123.94","1","31, 11, 71","275","-2.32118","-167.914"
"A6240105-79C6-DD54-28A1-0164B6CE6767","CcU-4849","b-2302","2022-02-26 17:04:53","420.59","0","47, 67, 53","179","-29.9044","-179.334"
"A6EBADAE-2E18-2FD5-0359-C3C2BBDBAB04","CcU-3400","b-2486","2021-04-21 08:51:28","328.03","1","71, 2, 79, 83","271","-29.5855","-164.933"
"A780B6A7-8EFF-9DBD-2024-FC4E3AE5DE27","CcU-2959","b-2346","2021-04-14 16:55:05","336.19","0","11","92","-34.0057","76.945"
"A82B7A4A-9176-A612-248B-6BD8D384766D","CcU-4513","b-2302","2021-09-30 01:39:45","436.59","0","53","210","-54.0967","-44.9177"
"A84B14A2-2964-EFDE-A234-52B8BCAD87B7","CcU-3246","b-2398","2021-08-23 21:50:05","464.29","1","97, 89","272","54.5119","-173.784"
"A8748759-CE49-BEDD-D5B3-EB5B3C38A2A5","CcU-3274","b-2414","2021-03-30 17:05:54","261.05","1","43, 67","272","7.54086","-149.675"
"A89CF3B1-ABAB-63E4-220B-3549EB570544","CcU-4604","b-2278","2021-04-15 22:27:02","252.96","0","83, 73","210","85.0344","-15.5086"
"A89D4669-57D3-2ED8-5E49-BDC1293B0BBB","CcU-2959","b-2362","2021-10-28 16:28:20","122.90","0","43, 97, 47, 13","92","51.97","5.55348"
"A8B58331-8394-8277-4654-F95887136692","CcU-3477","b-2530","2021-07-16 02:28:34","54.22","1","79, 11, 3","267","-36.2935","-87.0841"
"A8E203DA-9A20-2DA7-29E3-D8559BBECC95","CcU-4268","b-2302","2022-01-25 14:16:47","355.63","0","71, 83, 17","228","2.19926","75.1689"
"A9225721-1D92-9A16-A4B4-751134C5E702","CcU-4380","b-2302","2021-12-12 16:40:06","390.10","0","41, 79","220","86.4804","59.8235"
"A92944E6-9C59-141E-3F91-66B3C9EDCC31","CcU-4191","b-2302","2021-11-30 04:01:22","95.69","0","1, 29","233","-74.5228","137.988"
"A993ECC6-B915-5796-8B2A-8191DF52588E","CcU-3162","b-2350","2021-11-12 09:46:07","45.04","0","79, 17, 3, 53","272","-20.7061","140.189"
"AA1C1C48-FF62-DE8E-AF15-B183B5BD166D","CcU-4723","b-2278","2021-06-30 21:25:10","458.68","0","71, 17, 3","205","66.2814","-144.3"
"AA6CA954-0AF1-D69E-6BEF-6B5B168C1A82","CcU-4191","b-2346","2021-08-13 11:46:56","221.11","0","23, 83","96","86.7348","83.549"
"AB069F53-965E-A2A8-CE06-CA8C4FD92501","CcU-2959","b-2234","2021-04-15 13:37:18","60.99","0","11, 13, 61, 29","275","1.64819","-158.007"
"ABB45963-34C7-8C51-4A76-CCD0DD05F548","CcU-3218","b-2382","2021-07-16 23:22:43","250.91","1","19, 23, 43","272","-85.191","-136.864"
"ABCD2C8D-21D8-2EBB-5A47-E0D7E7A5D64E","CcU-4135","b-2494","2021-12-24 16:06:12","384.03","0","31, 43, 73","237","-24.6939","170.335"
"AC272DC8-737D-FBB0-548A-B09582C1C00F","CcU-2994","b-2326","2021-10-09 14:36:11","354.45","0","47","130","1.39913","-2.83531"
"AC777376-9329-BE65-285C-505D7C83A262","CcU-2938","b-2362","2021-07-27 17:14:52","330.07","0","23, 97, 61, 83","83","-14.0844","-37.5476"
"ACD2011A-A2B1-C365-41E1-2AB00C65147A","CcU-2980","b-2246","2022-03-05 20:41:20","60.07","1","2, 83","275","-54.4792","-82.7974"
"AD85A78A-8829-5746-93A0-8B7A792EBC18","CcU-2938","b-2362","2022-03-12 09:23:10","263.59","0","2, 3, 29","92","25.5502","-142.624"
"AE7467A8-B8F4-6E7B-D41D-C426E4F16B75","CcU-3239","b-2394","2021-08-16 20:16:44","116.80","1","61, 3","272","23.5105","-131.823"
"AF4491D0-A15D-BAAC-4D0B-42B3F645632B","CcU-4191","b-2346","2021-10-15 08:14:49","428.86","0","11, 79, 37","96","70.1093","-104.221"
"AFE3C197-0B9C-985B-D146-571CD7BEF7FB","CcU-3946","b-2494","2021-11-07 13:32:50","129.50","0","41, 47, 73, 2","251","42.5804","5.98319"
"B03C0BC7-28F4-D474-8928-523B19A93E7C","CcU-4499","b-2302","2021-06-28 08:39:34","397.29","0","1, 59, 29, 43","211","89.0823","-97.6283"
"B0597154-5E41-5A87-4B0E-A8E57353C5E8","CcU-4744","b-2278","2021-10-21 13:37:52","320.52","0","41","204","80.5111","-14.0077"
"B1ED4136-DA1A-6BF3-4C61-7A575F624670","CcU-3393","b-2482","2021-06-09 16:23:11","22.19","0","23, 71, 29, 5","272","-71.5791","-40.9087"
"B220187A-2A9C-0384-EEA1-DD917F11C94F","CcU-3393","b-2326","2021-09-07 04:13:28","466.46","0","53","115","0.920227","25.7309"
"B2C86E4D-8267-F19E-171E-FA48BA22C973","CcU-4191","b-2346","2021-10-03 23:39:52","132.80","0","17, 11","99","89.7862","146.84"
"B31AC3BB-1529-B0CE-C385-41CDFF671921","CcU-3981","b-2362","2021-08-09 06:29:19","114.58","0","11, 17","67","29.6428","-158.135"
"B3B7F2C7-AC19-929C-EEC2-8333E6EBE781","CcU-4191","b-2346","2021-08-03 09:14:56","398.82","0","17","96","-80.0101","-165.153"
"B3CE84BA-2A5C-226C-749F-ECCDF91F19CE","CcU-3281","b-2418","2021-07-22 21:28:48","320.14","0","17, 1, 11","272","-87.9506","-176.575"
"B3E58105-C56C-816E-C133-8F2D7940B0E4","CcU-2994","b-2326","2021-04-30 17:56:01","465.97","0","2, 79, 59","119","-0.279124","21.2833"
"B4793303-EDF5-4F53-39CB-AA6A2877CDF9","CcU-3575","b-2586","2021-12-18 12:48:42","45.36","0","37, 79","267","57.7245","62.9422"
"B4E1213B-8B35-9D9A-DD7D-93EBC7BCD7FF","CcU-4086","b-2494","2021-10-07 19:16:47","492.25","0","83, 17","241","69.3196","86.2165"
"B4F9ED4C-DEB5-266B-1A61-1A1965A10118","CcU-3379","b-2474","2021-07-28 00:44:27","158.50","0","89","272","65.0691","-55.9025"
"B529B64A-B491-BDD1-75BD-CC362A009B58","CcU-3232","b-2390","2021-05-14 07:37:39","289.51","1","37","272","16.6112","32.6766"
"B53165B9-7C93-0783-641C-5EA94E4C8683","CcU-3302","b-2430","2021-07-20 10:12:15","164.86","0","71, 53","272","-11.1418","-166.074"
"B57F59CF-8350-864C-ECD4-652F5E7882FD","CcU-3113","b-2322","2021-09-17 13:00:00","43.11","1","89, 73, 2","274","5.59397","65.5966"
"B586C7E1-2C13-BFA1-77D2-5DD13CCEA898","CcU-3988","b-2494","2021-03-26 15:26:48","140.98","0","83","248","-12.5373","-131.892"
"B5C49D11-1D34-4B90-209F-803CBA1CE91F","CcU-2994","b-2326","2022-01-07 21:46:38","113.23","0","43, 67","126","-82.1023","-62.8649"
"B62D17A8-456A-A5B2-88DB-25314036778E","CcU-4212","b-2302","2021-05-12 23:22:59","421.00","0","31, 3, 2, 79","232","-34.5861","-36.1162"
"B6B96082-ECDB-22C1-C413-6E14E8078EC6","CcU-3260","b-2406","2021-07-13 11:55:05","356.85","0","43, 83","272","33.0893","156.117"
"B6E5AB03-1D98-EE7D-108D-E0A2965AB147","CcU-3036","b-2278","2021-08-17 10:19:03","353.25","1","83, 37, 11","275","-43.6506","-131.682"
"B6F30493-40C3-5391-8A92-5217B10C391A","CcU-3876","b-2494","2021-05-12 21:04:04","233.47","0","67, 17, 97","256","-56.085","-166.333"
"B7626077-B74D-45A8-E3EB-EF331AA53ED8","CcU-4702","b-2278","2021-11-23 02:16:57","400.52","0","79","207","56.7576","-29.4416"
"B86A5793-A474-8B73-EB69-63FDD4809AC4","CcU-4800","b-2278","2022-02-03 17:43:46","210.54","0","41, 53, 2","200","38.4503","-5.76796"
"B8B813FE-E89E-C046-17CB-94E9DEE597C1","CcU-4023","b-2494","2021-03-17 16:23:23","479.00","0","19","245","-47.0238","-3.2159"
"B8DD4087-8749-D9A1-4E81-C28FBFD76C94","CcU-3981","b-2362","2021-09-02 10:50:28","424.18","0","5, 13, 47","78","-35.0169","-137.68"
"B98FC9AE-1B20-44D3-2C59-EC4D2FE9AE17","CcU-4394","b-2302","2021-10-20 15:40:05","328.64","0","43","219","-24.9155","-107.675"
"B9A3856E-B2FE-F957-CC3F-F3473D2B5CFE","CcU-3155","b-2346","2021-05-10 12:13:51","455.64","0","61","272","-23.9968","-53.9415"
"B9D1E653-C396-DBE8-09E6-D754A877104E","CcU-3386","b-2478","2022-02-19 11:35:41","131.21","1","13, 37","272","73.3401","-153.809"
"B9D9B488-E843-C5AD-FB5B-2F4DE894EA53","CcU-3512","b-2550","2021-10-26 11:35:29","308.99","0","37","267","66.2626","-151.059"
"BA1BE1BA-AAC8-FD6C-3C74-A77E375AE85D","CcU-4219","b-2302","2021-08-14 00:39:56","474.76","0","41, 7","143","2.49915","-16.174"
"BA338D01-C4D1-6F43-DDF8-5EC8C8B8384B","CcU-3393","b-2326","2022-02-05 15:36:28","187.19","0","53, 97, 73, 2","109","-34.5539","-89.1281"
"BA91684D-74AA-3BB6-148B-346B6EAD1937","CcU-3554","b-2574","2022-01-07 18:52:34","111.64","0","61, 1","267","-2.03544","-169.563"
"BABBBE60-3709-7C4A-B5E1-74CB260A93EA","CcU-2994","b-2254","2021-08-13 13:44:05","321.29","1","1, 2, 79","275","-46.7229","42.0159"
"BB19787C-ACBC-786D-FA21-3C1C73B3027B","CcU-4219","b-2302","2021-10-25 21:26:02","411.64","0","41","174","-44.0068","-70.5731"
"BB611D65-521D-E30F-94C8-1CD1EDE9CC28","CcU-2994","b-2326","2022-01-28 08:06:27","123.25","0","59, 7","126","89.5345","29.5245"
"BC2B9A38-77B4-28CD-1FE8-14DED863E773","CcU-3092","b-2310","2021-10-18 07:27:35","477.95","1","79, 47","275","-78.0295","18.5295"
"BC9E5393-485B-418E-6E9C-CB454E934224","CcU-4219","b-2302","2021-06-23 10:57:10","458.52","0","79, 31","144","29.2279","164.656"
"BCCE274A-5F25-CF12-1566-492ED48D8211","CcU-3953","b-2494","2021-06-14 20:04:29","462.74","0","17, 11, 2","250","4.91217","-146.595"
"BCD57868-7187-DB86-BAE1-EB3E6EEC3B48","CcU-2994","b-2326","2021-10-30 07:40:28","344.32","0","79, 83","126","39.4905","-172.798"
"BD41DCE3-9AD6-D311-63A8-4B7488584F8A","CcU-3330","b-2446","2021-04-11 08:38:48","387.74","1","3, 59, 79","272","60.8175","25.2117"
"BD440E6D-FC5B-A13F-251E-B745CEB24F04","CcU-4205","b-2302","2021-10-29 17:05:27","54.45","0","73, 47, 19, 5","232","13.4324","107.468"
"BEB017E6-42B6-10EA-3295-42CA3DD78302","CcU-3820","b-2618","2021-09-04 00:01:13","223.57","0","5","260","-65.8668","155.438"
"BEBBC256-9696-1AAB-2C73-D2F3775301A9","CcU-4219","b-2302","2021-04-12 15:28:54","346.46","0","59, 53","159","-34.1831","-7.04756"
"BEC27123-5319-528A-52CB-33933AEC1724","CcU-4639","b-2278","2021-12-13 04:20:21","368.86","0","67, 59","210","1.97013","16.14"
"BED35659-8521-645B-95C5-F58B732FA6C0","CcU-4849","b-2278","2021-08-01 14:00:12","80.34","0","83, 53, 97","191","36.8501","-89.3792"
"BF0BA28B-355D-412E-089C-B152516DC965","CcU-4219","b-2302","2021-03-26 13:46:28","485.31","0","13, 61, 23, 3","171","67.3245","114.092"
"BF10E3BA-63C3-FAC2-BAE8-D82186EC7A9A","CcU-4758","b-2278","2021-03-30 17:21:34","283.97","0","47, 67, 53","203","54.7726","-147.253"
"C0343DE8-E34C-4532-BE22-2F2E6BD34D73","CcU-4534","b-2302","2021-08-04 12:56:22","253.23","0","5, 13, 67","210","-36.7257","74.4537"
"C0B1ABC1-0C03-5C27-977E-A5EC13EED863","CcU-3736","b-2618","2021-11-02 06:21:32","171.43","0","41, 1, 23, 3","266","-3.68798","-5.96404"
"C0B617A7-A5B1-AF49-C9A2-8112974C4957","CcU-4219","b-2302","2021-08-10 21:43:34","18.41","0","43, 17, 73, 23","165","-74.6637","-52.7904"
"C0E79971-4E7D-C876-ABE5-5402A7162951","CcU-3148","b-2342","2022-01-26 17:28:29","354.28","0","37, 17, 5","272","-2.22976","-7.49833"
"C1A3EAD1-4BB7-343E-9542-DCB248FA39CE","CcU-4114","b-2494","2022-02-28 08:09:21","410.49","0","11, 5","239","70.7074","-160.92"
"C1DCC32D-E42A-F2D6-17AD-FF4A639A9B5A","CcU-3512","b-2550","2021-12-22 08:35:00","59.63","1","71, 1, 47","267","-63.6502","-45.7184"
"C2248CED-C28E-6A93-6AF4-C33CF738471B","CcU-3841","b-2494","2021-08-27 10:25:34","420.06","0","7, 2","258","46.1833","-141.28"
"C3516B1E-4923-B2DF-E6E2-B07548480CCF","CcU-2938","b-2362","2021-09-18 00:31:49","247.13","0","17","91","27.7146","133.728"
"C367DD1C-B8F0-5870-E9CF-9ED298A60A6E","CcU-4100","b-2494","2021-10-01 08:28:12","219.70","0","43, 97","240","-6.62218","-29.6777"
"C40174D7-1EBC-29B2-2F70-53236CA24369","CcU-4219","b-2302","2021-06-14 09:53:07","444.82","0","67, 83, 59","145","-19.4069","160.661"
"C56D5792-57D2-19E4-A43D-80D362E62879","CcU-3764","b-2618","2021-09-11 01:08:44","325.08","0","7, 47","264","69.8921","-141.301"
"C65220DF-35E3-CC92-34D5-E9469AB61042","CcU-3498","b-2542","2021-09-04 15:52:50","57.04","1","23, 2","267","-86.1285","-1.50433"
"C655DD05-66BB-282B-2234-EB6345C625E4","CcU-2994","b-2326","2021-07-27 05:46:49","24.50","0","53","134","27.7683","4.01592"
"C65A7836-4EC2-7C17-E22C-04D8D54A5B1A","CcU-3295","b-2426","2021-05-11 17:27:30","160.78","1","73, 5, 83","272","60.6938","-76.8283"
"C79B917A-76A1-9A57-A9DF-D8CAD4C91684","CcU-3085","b-2306","2022-01-04 08:21:53","15.05","0","83","275","28.428","96.7119"
"C88532CB-7A60-CE22-AFD3-6A8B641C8D7C","CcU-4849","b-2302","2022-02-18 20:33:36","23.35","0","19","181","7.5702","-164.906"
"C9185110-96F7-193C-D4B4-D1086A63744A","CcU-2938","b-2362","2021-10-17 03:52:48","390.67","0","53, 89, 23","86","-39.3219","-10.4056"
"C9BD3AC8-CEEE-D5CD-1338-6375C2F1E69C","CcU-3057","b-2290","2021-05-29 12:44:03","238.19","1","11, 79","275","49.6029","54.0765"
"C9F594B6-A163-7553-D216-DEAC68EAB680","CcU-4303","b-2302","2021-08-01 00:18:03","300.77","0","5","225","36.1253","91.7643"
"CA264293-D392-1E21-1BCA-16CEA88D875A","CcU-4219","b-2302","2021-12-03 13:11:52","171.43","0","89, 61, 11, 97","168","-49.6403","-41.8469"
"CA515AD3-5A34-6966-073E-1D231CE56678","CcU-4709","b-2278","2022-03-15 16:24:37","25.78","0","2","206","80.0508","-167.602"
"CA8EDD4B-5EC5-8447-3804-20B27924B221","CcU-3456","b-2518","2021-08-11 11:49:42","26.21","0","73","267","-74.8243","58.2285"
"CAA74261-A8B4-9FAF-C71E-D439262C143C","CcU-2959","b-2346","2021-10-02 23:36:30","423.27","0","37","92","72.0397","164.118"
"CAAD217C-D2CC-C0D3-7D3A-95D6A32383EB","CcU-3540","b-2566","2021-06-01 23:01:05","280.34","0","79, 67, 29","267","-38.5584","100.383"
"CAD3A46C-AA37-967D-A1BA-5C490488D9AC","CcU-3981","b-2362","2021-06-17 14:32:44","21.97","0","41, 97","75","-24.9746","58.205"
"CBEB6D56-317E-1FA2-55D1-31B5C769C6C7","CcU-3477","b-2530","2021-11-29 21:51:24","173.34","0","2, 23","267","-86.0177","-50.987"
"CC77BEEC-E348-8BC9-BE81-46F75404E183","CcU-3792","b-2618","2021-05-16 09:37:38","286.85","0","71, 37, 47, 7","262","40.446","-71.6378"
"CDB26CD6-B89A-8EDD-E1BE-A332460535C7","CcU-4191","b-2346","2021-09-16 12:38:29","55.50","0","37, 13, 89","96","41.0231","66.8641"
"CDCDE7A5-39CD-9ABD-59D5-71641582C825","CcU-3568","b-2582","2021-05-28 17:07:31","289.04","0","1, 13, 67, 11","267","48.564","-39.7659"
"CDF1E4E5-1A4D-54CD-8734-D48AC4C3E5E6","CcU-3113","b-2322","2021-04-24 15:25:29","261.35","0","37, 43, 31, 5","274","-13.2271","-55.156"
"CEBC8755-77B1-722D-A899-E86B58B837BC","CcU-4170","b-2494","2021-07-26 09:49:37","257.36","0","97, 67, 19","235","65.8542","84.8687"
"CEED5D49-B28F-49A6-E967-9E7F74864190","CcU-3393","b-2346","2021-09-09 02:41:00","107.30","0","19, 71, 41","103","-75.2029","73.2142"
"D1389977-A7AD-1B56-1DE4-E2E94741D40C","CcU-2994","b-2326","2022-03-10 03:43:25","226.10","0","1, 5","127","-8.7274","37.96"
"D1573887-B075-C061-BEE5-FDEB8AC7B74F","CcU-4625","b-2278","2021-10-12 06:03:17","93.78","0","61, 37, 41","210","10.3428","62.4798"
"D1B245BE-2D26-CA7D-C357-027A6D27A0A1","CcU-3323","b-2442","2021-08-10 05:53:00","33.40","0","83, 67","272","-89.3804","145.069"
"D1E3CC8F-C783-2C23-1ED2-EBA82281C666","CcU-3617","b-2610","2021-06-30 21:07:53","406.11","0","79","267","-8.57681","-53.3696"
"D20BBC5C-8161-1D3B-E15D-243D51B563B6","CcU-4849","b-2302","2021-05-30 15:11:57","151.15","0","61","189","-38.3105","111.233"
"D233A5A4-E618-32AA-B9CB-55C7A8E84359","CcU-3323","b-2442","2021-11-25 07:14:27","21.93","1","17","272","83.6613","-177.434"
"D271975D-77F6-485C-4E2D-C43DA27AB787","CcU-4401","b-2302","2021-11-13 12:53:22","132.09","0","7, 59, 2","218","71.2023","164.439"
"D2BA2DBB-ED84-B809-6198-E8461BE35646","CcU-2959","b-2362","2021-04-21 23:05:52","77.16","0","37, 3","92","-23.9646","-137.045"
"D33B21EB-A61E-BD8C-5DE7-1DA4AC210AE6","CcU-2994","b-2254","2022-03-02 13:29:50","20.35","0","17, 13, 73","275","5.27302","5.06131"
"D3470F3E-9683-799A-40F1-E42C143BAC5A","CcU-3008","b-2262","2021-11-29 19:06:42","379.14","0","1","275","-62.836","-17.7127"
"D3831AE1-A50D-1541-AF7B-EE75529F278A","CcU-2938","b-2362","2021-05-19 01:05:28","234.74","0","23, 67","92","51.6835","146.807"
"D39499A3-A9B6-36B9-2B8D-25AF340EDEEB","CcU-4254","b-2302","2021-11-15 12:02:01","393.51","0","29","229","58.3625","-138.102"
"D3C579AE-FA77-6234-9843-6DA39D6E329D","CcU-3981","b-2494","2021-03-29 23:54:35","432.22","0","7, 1","248","75.1069","-19.2165"
"D52157FC-58FC-68E6-91D4-CCB11178F8AC","CcU-4548","b-2302","2022-01-19 02:45:09","116.94","0","19, 1, 29, 97","210","14.8365","71.2128"
"D5DA371A-BD48-CFD9-37FC-A5CA45B97B5D","CcU-4079","b-2494","2021-08-15 07:25:13","37.80","0","7, 53","241","-12.4447","-139.67"
"D5E51BD3-4284-8097-8887-4A656C3992A8","CcU-3918","b-2494","2021-04-16 15:40:50","290.47","0","1, 23","253","-44.9373","87.801"
"D616D488-341E-C82E-5137-12B8B0E79C77","CcU-4849","b-2278","2021-10-20 16:28:26","312.47","0","79, 73, 41","195","69.8381","-145.105"
"D6419ECE-BE11-7DFE-DEC7-1A2E695B19EB","CcU-2966","b-2238","2021-06-02 06:19:00","401.53","1","13, 83","275","-28.2177","-72.0755"
"D662DF87-90B7-8C73-CD48-FA68399392C9","CcU-3967","b-2494","2021-09-05 15:32:54","152.42","0","97, 29, 13","249","84.3342","34.4784"
"D69CE9B1-EA51-56DE-7A5A-496B1F63D112","CcU-4002","b-2494","2021-10-04 07:52:00","339.88","0","17, 43","247","2.15022","174.502"
"D6EB93C6-5733-84C8-FDD6-57BA4136E528","CcU-3526","b-2558","2021-04-22 12:37:13","15.38","1","5, 11","267","-50.483","13.7144"
"D6F37D7A-A07E-01AA-DE27-476C89D26A8E","CcU-3015","b-2266","2021-11-25 19:06:32","419.97","0","61, 13, 7, 71","275","-83.7748","179.886"
"D79CC16C-F4B6-2F15-14EE-50EDF35899A1","CcU-3106","b-2318","2021-07-02 09:31:35","109.49","1","67, 73","274","79.3966","-22.048"
"D7F7744C-39EA-B921-E945-40E135484B4C","CcU-3099","b-2314","2021-10-24 20:46:00","105.82","1","2, 13, 47, 43","275","-42.561","133.846"
"D8357216-2798-76CA-6C49-45BEC2E8C6BB","CcU-4849","b-2302","2021-06-26 05:28:26","93.03","0","53","186","83.7861","-36.5492"
"D84548D7-A8CE-3CC7-852E-1A67EF7937F7","CcU-3981","b-2362","2021-09-16 17:19:05","165.38","0","67, 71, 19","79","-44.2302","-80.2959"
"D8FF8171-7166-24CA-3936-576581686158","CcU-3981","b-2362","2021-12-29 17:33:42","223.53","0","41, 83","69","65.1389","32.4231"
"D938FE61-B342-04B6-78A7-C9FA57B590AA","CcU-3981","b-2362","2021-08-06 11:27:14","330.90","0","37, 23, 67, 13","72","-66.9629","5.15785"
"D95F1CB4-2844-66D2-3958-E4E6EFC36A75","CcU-3393","b-2326","2021-08-14 17:42:42","266.37","0","47, 89","110","-86.2736","-118.737"
"D9B3BB97-CA11-FBC7-90A1-A948B599A3C8","CcU-2987","b-2250","2021-05-18 12:03:25","197.65","1","7, 19","275","57.1494","119.817"
"D9B9435F-D55B-BA72-4E66-D8A9E3DC62C0","CcU-4219","b-2302","2021-08-15 05:12:59","298.62","0","61, 43","167","-35.1212","6.03766"
"DA247F32-9723-9BB6-B770-BC39C252CE15","CcU-2938","b-2362","2021-04-09 19:23:41","283.15","0","7, 2, 1","81","-19.4671","-157.944"
"DA7A5D76-448A-678E-4836-465C8B963F4E","CcU-4093","b-2362","2022-02-19 17:58:33","82.43","0","83","63","45.5819","94.5767"
"DAB2D839-5B54-901B-6651-995911BFAEEA","CcU-3351","b-2458","2021-06-21 16:18:14","471.54","1","17","272","25.7486","-35.0837"
"DAE50B38-3526-4AAF-71DB-4B45D29EB26A","CcU-3827","b-2618","2021-04-25 12:29:04","309.22","0","13, 5","259","51.7478","114.645"
"DB49DD45-6B1E-A151-5881-BDE2DC2965C0","CcU-2959","b-2362","2021-05-23 02:46:05","302.82","0","73, 41, 19","92","-89.8248","-160.166"
"DB503576-8093-1D85-37D6-3439B577AD73","CcU-3372","b-2470","2021-11-16 21:00:32","124.06","0","5, 43","272","-58.9379","85.8624"
"DC1885DA-2644-8623-0C0D-67AB5D8AB223","CcU-4191","b-2346","2021-11-17 21:39:03","121.54","0","73, 17","96","-78.0324","-127.691"
"DC5ABC81-6D3F-E8CF-29A9-CC136D6EADB8","CcU-3799","b-2618","2022-03-15 02:15:32","101.32","0","73, 31","261","-6.94376","-56.6999"
"DD3945B9-8D77-14B9-C237-5B41A62ABDAC","CcU-4058","b-2494","2021-10-19 01:31:37","63.77","0","43","243","-67.7534","133.497"
"DD4011AE-136E-9F62-EEA0-3E0D088E4455","CcU-4219","b-2302","2022-01-22 10:30:48","257.24","0","59, 2, 31","158","-77.8224","151.817"
"DD760F36-BB02-83DC-69A9-E24D736E30D1","CcU-4849","b-2302","2021-11-15 05:54:23","324.43","0","53, 23, 79, 43","187","21.1554","33.2201"
"DD9B60B0-D1BC-F993-4DE8-5A247ADCD734","CcU-3393","b-2326","2021-09-24 14:08:59","176.20","0","2, 23","110","65.0364","-26.2682"
"DE182E71-1C46-2EB8-A27F-2167D2D3B5D6","CcU-2959","b-2346","2021-08-09 09:10:36","47.00","0","73, 13","92","62.4277","-88.6409"
"DE55E734-9DA5-0725-EB1A-3CEB5517D4EB","CcU-4191","b-2346","2021-10-10 17:44:36","125.11","0","23","96","-88.8975","121.782"
"DE684792-5DEE-5E12-D0B5-C5661D48F42A","CcU-3022","b-2270","2021-06-23 17:07:22","71.55","0","59","275","61.2278","13.3562"
"DF588D4E-F11B-CDA9-0C85-49127C7F4D01","CcU-4219","b-2326","2021-04-15 22:48:52","452.66","0","23, 47, 2","139","20.8416","130.45"
"DFEC1C7F-38E1-2AAC-ACD9-7985DB48C31D","CcU-4219","b-2302","2021-04-19 16:59:44","175.73","0","13","151","-44.0442","-15.8413"
"E13D8D35-982C-927A-7CBC-ED425AED80F9","CcU-4219","b-2302","2021-04-17 06:18:44","279.35","0","47, 53","164","-62.7548","46.0398"
"E147E181-2D6F-E466-AE2A-D2719EE19DDF","CcU-3428","b-2502","2021-08-28 19:43:06","164.88","0","43, 53","269","-13.355","-158.561"
"E1880EA8-64B2-9C7C-E626-D159343555D8","CcU-4835","b-2278","2022-02-15 09:54:40","248.61","0","47, 71, 23","197","85.6263","-96.184"
"E18C0E42-B95F-11EC-4A78-4EECBF79E8B6","CcU-4597","b-2278","2022-01-18 05:53:05","238.78","0","43, 73","210","30.5605","-37.0457"
"E1A3E48E-E1B4-1E36-FE2F-C4E5A3743779","CcU-4219","b-2302","2021-11-13 12:20:35","341.67","0","23, 67, 37","155","-44.6536","-169.034"
"E1DEA6A2-4E2A-C572-3E58-CBCBEAED2A99","CcU-3526","b-2558","2021-08-18 16:31:23","105.42","0","47, 97","267","-43.0961","112.64"
"E2C94327-62EE-9EF1-4D62-B861858AC425","CcU-4317","b-2302","2021-03-17 02:55:49","36.83","0","13, 43, 47, 73","224","40.8484","112.76"
"E2CCE289-2008-C783-997D-88991918CB38","CcU-4177","b-2494","2021-10-26 20:15:08","463.00","0","89, 79, 47","234","-85.9753","-172.816"
"E2DB8D98-9328-ACDA-39A3-802C7BB36D34","CcU-3162","b-2350","2021-04-13 16:18:57","28.06","1","67, 1","272","30.1443","114.393"
"E2DEC4AA-E02F-8829-DE30-795881675C52","CcU-4289","b-2302","2021-05-07 02:06:40","51.01","0","59, 5, 43, 83","226","-10.0373","-174.397"
"E308729C-4A62-08C9-45C6-58C9479D4626","CcU-4779","b-2278","2021-08-15 19:09:41","224.62","0","89, 1","201","-55.6835","74.7849"
"E38DC6C5-1EE2-602D-2EA2-D2F39C771CDE","CcU-4044","b-2494","2021-12-19 21:22:36","264.41","0","67, 17, 83, 43","244","87.6079","111.943"
"E3911BE6-151C-5FD7-C730-7F69B7841C7B","CcU-4296","b-2302","2021-06-10 14:44:49","153.33","0","11, 73","226","25.7151","-48.2123"
"E3E941D3-0866-2E6F-85D7-A2F21E79A215","CcU-3981","b-2362","2021-09-23 10:02:57","471.47","0","7, 31, 29","64","-25.447","-21.2186"
"E4794E32-196A-C67D-8759-18821CE66CE2","CcU-3995","b-2494","2021-06-17 06:32:28","256.27","0","43, 5, 83","247","9.50012","28.0357"
"E4F6CCEB-CBC0-67F9-D8FA-84417070C642","CcU-4688","b-2278","2021-07-08 03:47:20","350.28","0","53","208","34.0578","-129.384"
"E5078B1B-9591-E204-CC0A-E14C4EC74EAB","CcU-3204","b-2374","2021-09-06 01:29:42","220.85","0","17, 73","272","69.5434","98.8783"
"E55E6DBD-788D-DC86-967E-228632CFD313","CcU-3078","b-2302","2021-05-31 12:59:35","356.09","1","13, 41","275","16.2686","-91.5667"
"E6439B1C-C8F4-15B5-36ED-718482226631","CcU-3099","b-2314","2021-12-22 05:31:42","266.09","0","83","275","47.7901","-27.6321"
"E6512B38-3AB7-7128-77D9-0C38641CD951","CcU-3491","b-2538","2021-08-27 06:16:46","199.71","1","7, 17, 19, 2","267","-16.1929","169.467"
"E658A8A9-3C3A-3D50-6F5C-2BA9F41DB491","CcU-4408","b-2302","2021-10-29 10:26:07","273.84","0","2, 3","218","55.0166","60.2908"
"E68665E5-5CB3-3325-9AE2-24B1E11353D2","CcU-3981","b-2362","2021-09-21 11:54:31","317.04","0","13","73","36.9187","-109.36"
"E6873589-5339-4189-E984-9F4B54C844A4","CcU-2938","b-2362","2021-09-28 02:24:34","199.83","0","37, 29","88","-70.2105","-46.1508"
"E69AA81E-A9BE-5A34-1804-E349A1A76C26","CcU-4191","b-2346","2021-05-14 07:17:46","293.49","0","61, 37, 19","96","13.9409","-116.059"
"E69C6E04-0063-3E7C-0676-D1AFC1536B5C","CcU-4464","b-2302","2021-05-29 18:27:44","203.60","0","29, 3, 71","214","-47.0838","-105.7"
"E6E14C3A-1AE7-7B62-57D8-16A6F19C995F","CcU-3365","b-2466","2021-04-29 08:21:17","26.22","0","97, 1, 7","272","77.9371","-39.7162"
"E73908A2-5945-D5E9-AEC7-2C460A488864","CcU-4275","b-2302","2021-04-10 15:09:40","63.08","0","23","227","46.5742","-116.518"
"E7756387-9D45-B1B5-D351-B1BFB64C485C","CcU-4191","b-2346","2021-12-29 10:59:28","199.81","0","47, 79, 41, 89","96","-39.1289","-179.366"
"E8063254-0D54-D3C6-B339-78456C984528","CcU-3407","b-2490","2021-10-13 23:03:31","461.83","0","5, 79","271","-66.3056","77.6051"
"E8954683-8BAA-B66B-C641-5695425586DC","CcU-3414","b-2494","2021-04-26 09:25:20","128.13","1","47, 13","270","-36.1434","138.005"
"E8A862CE-AC8B-A489-620C-DDD7FEB16AA2","CcU-2994","b-2326","2021-12-21 09:13:50","295.55","0","1, 47, 67, 89","132","-60.4058","179.171"
"E95B26BA-2466-6ECB-81D4-57CB6225AB78","CcU-4849","b-2278","2021-10-28 17:33:51","169.52","0","3, 83","194","-4.20309","94.9817"
"EA06C211-5A86-C9A8-7CA3-C84D266D4B62","CcU-4681","b-2278","2021-04-22 22:14:32","478.87","0","13, 71, 37, 29","208","-26.0517","33.9876"
"EA2C3281-C9C1-A387-44F8-729FB4B51C76","CcU-2938","b-2222","2021-05-09 10:25:08","119.36","1","59, 79, 37, 73","275","20.2004","-116.84"
"EA41A50E-27D6-3612-788C-AD736D4EF523","CcU-2959","b-2346","2021-08-16 19:15:26","320.29","0","2, 17, 47, 19","95","27.6219","118.901"
"EA69485B-09A2-6170-73C4-65AFE5B71F4F","CcU-2959","b-2346","2021-04-16 06:35:20","110.10","0","7, 83, 59","96","1.80632","-97.9625"
"EAC77318-72E4-51E3-AB5A-9BCCBA39C8F2","CcU-3260","b-2406","2021-12-13 23:01:02","458.73","1","61, 53, 1","272","24.5222","61.7145"
"EAD89828-65AA-E817-F946-E7365972D94E","CcU-3848","b-2494","2021-07-06 09:49:29","26.96","0","53, 13, 47, 97","258","-0.706888","-127.482"
"EAD9435C-77C0-3D84-D9A9-BF535EDABE7A","CcU-3694","b-2618","2021-05-01 18:41:40","113.49","0","11, 67","267","-45.6503","63.6176"
"EAE19DC1-C847-6D79-673D-00E7696AC336","CcU-4324","b-2302","2021-04-15 02:55:22","69.98","0","1","224","6.39674","-6.7753"
"EB142E61-B4EC-3423-4FE9-6FB2151A3DB5","CcU-4457","b-2302","2022-02-10 13:44:35","54.35","0","67, 41, 89","214","-63.1013","-91.9647"
"EB46D6A6-0851-FA55-1292-DB04B2684794","CcU-2959","b-2346","2021-07-03 19:05:48","166.23","0","5","92","-73.4025","38.0526"
"EC243849-3D95-A5B3-29B4-6F8AA1A5B999","CcU-3673","b-2618","2021-03-23 02:17:50","38.03","0","23, 13","267","-43.1488","-47.0093"
"EC8D77B4-5570-7DC6-3DE9-E46A861A7479","CcU-4219","b-2326","2022-02-07 06:24:17","471.78","0","89, 17","141","82.7796","37.7707"
"ECA2BD28-2B62-921A-A912-E68C2806C27E","CcU-3253","b-2402","2021-09-09 11:23:34","370.01","0","79, 29","272","79.0701","-54.1088"
"ED1CFB7D-E626-CE54-57A1-A036778B5E1F","CcU-3449","b-2514","2021-11-28 23:27:04","230.41","1","59, 71, 73","268","9.75306","-134.718"
"ED9CCFC6-33C8-D6A9-731F-B762DFF1659E","CcU-2994","b-2326","2021-12-18 08:37:39","371.88","0","71, 23, 53","136","39.8685","-153.485"
"EDC458E3-6E51-2D30-5CD6-838D10959BA5","CcU-3358","b-2462","2021-09-05 04:25:45","227.29","0","13, 29, 59","272","59.5109","-129.532"
"EE2D8157-D63E-6A91-A363-9CF68B530AD3","CcU-4093","b-2494","2021-04-26 11:11:06","293.94","0","41, 1","240","65.3778","-12.2041"
"EE8ED5A8-CEC8-9387-524C-A911BB473C1F","CcU-2994","b-2326","2021-12-13 12:30:15","105.51","0","19","121","-38.5151","-139.151"
"EEAAE515-66B6-B449-5926-54D397988AD9","CcU-3589","b-2594","2021-07-06 22:34:47","316.74","0","43, 59, 11","267","-55.2664","21.8043"
"EF9E08A9-457D-D7C1-41E4-059B31C35CEC","CcU-4191","b-2346","2021-05-17 12:51:12","274.28","0","61","98","89.9212","158.17"
"EFEECC2E-2A69-AB33-D599-E82AA689E3B3","CcU-2938","b-2362","2021-07-11 00:19:27","394.59","0","71, 53, 67","90","2.50909","-91.8214"
"F1A598A2-86C5-50A9-F1CE-FB1D69866C39","CcU-2938","b-2362","2022-03-09 20:53:59","229.65","0","79, 73","84","-65.124","31.0337"
"F22BB361-E3CD-BC41-DD6A-A4694F175CD8","CcU-3729","b-2618","2021-08-22 15:01:01","385.28","0","23, 53, 79","266","38.2838","78.8201"
"F233E386-5A74-63B3-8111-09FC9BA38011","CcU-4793","b-2278","2021-06-21 23:01:35","146.34","0","53, 11, 37","200","23.7283","-175.377"
"F28E106B-5418-4667-9514-2E2A823ECC65","CcU-3358","b-2462","2022-03-05 06:54:37","114.89","1","79, 47, 97","272","-55.9496","-11.6066"
"F2B3E645-2E6D-E891-9D05-33DBACE58DE4","CcU-3862","b-2494","2021-05-06 08:41:18","267.52","0","89, 19, 29","257","-72.9632","-164.417"
"F4BCAE41-3B8E-EA8D-9C24-466F7CEB9F9A","CcU-4128","b-2494","2021-05-05 00:06:42","182.01","0","31, 61","238","-78.8221","87.0485"
"F55B3CE1-3379-E0BF-5AB9-6F4CC2C5479C","CcU-4730","b-2278","2021-04-13 18:19:18","227.05","0","37","205","-7.87637","-110.424"
"F56FCA4A-0039-9F64-7376-85632B91121B","CcU-2959","b-2346","2021-04-04 04:51:04","294.13","0","79, 23, 71, 41","92","45.5749","-73.5724"
"F5ACD74B-4275-5AA1-2414-6EF417636B98","CcU-4219","b-2302","2021-11-20 20:00:40","148.97","0","1, 97, 3","161","-56.3548","152.011"
"F843DC08-CCB5-2444-1B4E-5966289FBA8B","CcU-3393","b-2346","2021-04-27 08:12:28","18.08","0","7, 53, 37","102","17.9004","66.5477"
"F85A7D75-2778-9D75-D776-3F41A828DE88","CcU-3393","b-2346","2021-10-10 01:46:36","135.93","0","23, 97, 31, 3","101","24.1698","88.2782"
"FA053936-75D8-85FA-490D-9B624E1B920A","CcU-3197","b-2370","2021-07-06 10:18:35","151.32","0","37, 5","272","-75.1415","139.182"
"FAAD3FFC-1A17-E141-43D3-359A5BA7CB3B","CcU-3183","b-2362","2021-10-24 20:16:23","149.84","0","2, 13, 5, 19","272","59.4872","129.964"
"FAC76A80-8448-69AA-E892-426C2F12621C","CcU-4576","b-2278","2021-05-30 21:10:55","304.95","0","79, 41, 7","210","-70.6476","178.594"
"FBD7E0D6-BA6B-F5BC-0CA9-EA4B8760100C","CcU-3281","b-2418","2021-04-29 14:17:50","207.09","1","97, 83, 29","272","83.6756","-77.4352"
"FCE2AB9A-271D-2BDC-9E49-8DD92A373391","CcU-4219","b-2302","2022-02-06 22:48:41","335.56","0","59, 5, 41, 37","152","1.51316","48.2748"
"FD2E8957-414B-BEEC-E9AD-59AA7A8A6290","CcU-3232","b-2390","2022-03-13 00:27:34","78.29","0","83, 7, 17, 89","272","-24.3195","-11.4135"
"FD89D51B-AE8D-77DC-E450-B8083FBD3187","CcU-3960","b-2494","2022-03-16 02:35:05","200.72","0","3, 2, 73, 1","250","8.01217","-64.6715"
"FD9CBCCD-8E1E-8DA1-4606-7E3A6F3A5A65","CcU-4331","b-2302","2021-06-13 11:41:17","42.32","0","37","223","-77.8605","-172.346"
"FE809ED4-2DB6-55AC-C915-929516E4646B","CcU-4849","b-2302","2021-11-09 21:35:40","219.83","0","23, 43","185","-46.0751","-142.242"
"FE96CE47-BD59-381C-4E18-E3CA3D44E8FF","CcU-2945","b-2226","2021-06-15 00:26:29","480.13","1","3","275","-21.8805","-112.588"
